"No.","Time","Source","Destination","Protocol","Length","Info"
"16","10.435994","127.0.0.1","127.0.0.1","TCP","56","53744  >  5000 [SYN] Seq=0 Win=65535 Len=0 MSS=65495 WS=256 SACK_PERM"
"17","10.436074","127.0.0.1","127.0.0.1","TCP","56","5000  >  53744 [SYN, ACK] Seq=0 Ack=1 Win=65535 Len=0 MSS=65495 WS=256 SACK_PERM"
"18","10.436111","127.0.0.1","127.0.0.1","TCP","44","53744  >  5000 [ACK] Seq=1 Ack=1 Win=65280 Len=0"
"19","10.436169","127.0.0.1","127.0.0.1","HTTP","189","GET / HTTP/1.1 "
"20","10.436184","127.0.0.1","127.0.0.1","TCP","44","5000  >  53744 [ACK] Seq=1 Ack=146 Win=65280 Len=0"
"25","11.495921","127.0.0.1","127.0.0.1","TCP","217","5000  >  53744 [PSH, ACK] Seq=1 Ack=146 Win=65280 Len=173 [TCP PDU reassembled in 27]"
"26","11.495956","127.0.0.1","127.0.0.1","TCP","44","53744  >  5000 [ACK] Seq=146 Ack=174 Win=65280 Len=0"
"27","11.495978","127.0.0.1","127.0.0.1","HTTP","62","HTTP/1.0 200 OK  (text/html)"
"28","11.495986","127.0.0.1","127.0.0.1","TCP","44","53744  >  5000 [ACK] Seq=146 Ack=192 Win=65280 Len=0"
"29","11.496448","127.0.0.1","127.0.0.1","TCP","44","53744  >  5000 [FIN, ACK] Seq=146 Ack=192 Win=65280 Len=0"
"30","11.496475","127.0.0.1","127.0.0.1","TCP","44","5000  >  53744 [ACK] Seq=192 Ack=147 Win=65280 Len=0"
"31","11.497860","127.0.0.1","127.0.0.1","TCP","44","5000  >  53744 [FIN, ACK] Seq=192 Ack=147 Win=65280 Len=0"
"32","11.497907","127.0.0.1","127.0.0.1","TCP","44","53744  >  5000 [ACK] Seq=147 Ack=193 Win=65280 Len=0"
"33","12.666785","127.0.0.1","127.0.0.1","TCP","56","53745  >  5000 [SYN] Seq=0 Win=65535 Len=0 MSS=65495 WS=256 SACK_PERM"
"34","12.666849","127.0.0.1","127.0.0.1","TCP","56","5000  >  53745 [SYN, ACK] Seq=0 Ack=1 Win=65535 Len=0 MSS=65495 WS=256 SACK_PERM"
"35","12.666884","127.0.0.1","127.0.0.1","TCP","44","53745  >  5000 [ACK] Seq=1 Ack=1 Win=65280 Len=0"
"36","12.666954","127.0.0.1","127.0.0.1","HTTP","189","GET / HTTP/1.1 "
"37","12.666977","127.0.0.1","127.0.0.1","TCP","44","5000  >  53745 [ACK] Seq=1 Ack=146 Win=65280 Len=0"
"38","13.841746","127.0.0.1","127.0.0.1","TCP","217","5000  >  53745 [PSH, ACK] Seq=1 Ack=146 Win=65280 Len=173 [TCP PDU reassembled in 40]"
"39","13.841784","127.0.0.1","127.0.0.1","TCP","44","53745  >  5000 [ACK] Seq=146 Ack=174 Win=65280 Len=0"
"40","13.841806","127.0.0.1","127.0.0.1","HTTP","62","HTTP/1.0 200 OK  (text/html)"
"41","13.841814","127.0.0.1","127.0.0.1","TCP","44","53745  >  5000 [ACK] Seq=146 Ack=192 Win=65280 Len=0"
"42","13.842362","127.0.0.1","127.0.0.1","TCP","44","53745  >  5000 [FIN, ACK] Seq=146 Ack=192 Win=65280 Len=0"
"43","13.842394","127.0.0.1","127.0.0.1","TCP","44","5000  >  53745 [ACK] Seq=192 Ack=147 Win=65280 Len=0"
"44","13.843851","127.0.0.1","127.0.0.1","TCP","44","5000  >  53745 [FIN, ACK] Seq=192 Ack=147 Win=65280 Len=0"
"45","13.843875","127.0.0.1","127.0.0.1","TCP","44","53745  >  5000 [ACK] Seq=147 Ack=193 Win=65280 Len=0"
"46","16.226732","127.0.0.1","127.0.0.1","TCP","56","53746  >  5000 [SYN] Seq=0 Win=65535 Len=0 MSS=65495 WS=256 SACK_PERM"
"47","16.226793","127.0.0.1","127.0.0.1","TCP","56","5000  >  53746 [SYN, ACK] Seq=0 Ack=1 Win=65535 Len=0 MSS=65495 WS=256 SACK_PERM"
"48","16.226829","127.0.0.1","127.0.0.1","TCP","44","53746  >  5000 [ACK] Seq=1 Ack=1 Win=65280 Len=0"
"49","16.226895","127.0.0.1","127.0.0.1","HTTP","189","GET / HTTP/1.1 "
"50","16.226913","127.0.0.1","127.0.0.1","TCP","44","5000  >  53746 [ACK] Seq=1 Ack=146 Win=65280 Len=0"
"52","17.681685","127.0.0.1","127.0.0.1","TCP","217","5000  >  53746 [PSH, ACK] Seq=1 Ack=146 Win=65280 Len=173 [TCP PDU reassembled in 54]"
"53","17.681728","127.0.0.1","127.0.0.1","TCP","44","53746  >  5000 [ACK] Seq=146 Ack=174 Win=65280 Len=0"
"54","17.681754","127.0.0.1","127.0.0.1","HTTP","62","HTTP/1.0 200 OK  (text/html)"
"55","17.681776","127.0.0.1","127.0.0.1","TCP","44","53746  >  5000 [ACK] Seq=146 Ack=192 Win=65280 Len=0"
"56","17.682167","127.0.0.1","127.0.0.1","TCP","44","53746  >  5000 [FIN, ACK] Seq=146 Ack=192 Win=65280 Len=0"
"57","17.682197","127.0.0.1","127.0.0.1","TCP","44","5000  >  53746 [ACK] Seq=192 Ack=147 Win=65280 Len=0"
"58","17.683611","127.0.0.1","127.0.0.1","TCP","44","5000  >  53746 [FIN, ACK] Seq=192 Ack=147 Win=65280 Len=0"
"59","17.683636","127.0.0.1","127.0.0.1","TCP","44","53746  >  5000 [ACK] Seq=147 Ack=193 Win=65280 Len=0"
"64","24.288902","127.0.0.1","127.0.0.1","TCP","56","53747  >  5000 [SYN] Seq=0 Win=65535 Len=0 MSS=65495 WS=256 SACK_PERM"
"65","24.288963","127.0.0.1","127.0.0.1","TCP","56","5000  >  53747 [SYN, ACK] Seq=0 Ack=1 Win=65535 Len=0 MSS=65495 WS=256 SACK_PERM"
"66","24.288995","127.0.0.1","127.0.0.1","TCP","44","53747  >  5000 [ACK] Seq=1 Ack=1 Win=65280 Len=0"
"67","24.289072","127.0.0.1","127.0.0.1","HTTP","189","GET / HTTP/1.1 "
"68","24.289091","127.0.0.1","127.0.0.1","TCP","44","5000  >  53747 [ACK] Seq=1 Ack=146 Win=65280 Len=0"
"77","25.775653","127.0.0.1","127.0.0.1","TCP","217","5000  >  53747 [PSH, ACK] Seq=1 Ack=146 Win=65280 Len=173 [TCP PDU reassembled in 79]"
"78","25.775695","127.0.0.1","127.0.0.1","TCP","44","53747  >  5000 [ACK] Seq=146 Ack=174 Win=65280 Len=0"
"79","25.775723","127.0.0.1","127.0.0.1","HTTP","62","HTTP/1.0 200 OK  (text/html)"
"80","25.775737","127.0.0.1","127.0.0.1","TCP","44","53747  >  5000 [ACK] Seq=146 Ack=192 Win=65280 Len=0"
"81","25.776148","127.0.0.1","127.0.0.1","TCP","44","53747  >  5000 [FIN, ACK] Seq=146 Ack=192 Win=65280 Len=0"
"82","25.776171","127.0.0.1","127.0.0.1","TCP","44","5000  >  53747 [ACK] Seq=192 Ack=147 Win=65280 Len=0"
"83","25.777739","127.0.0.1","127.0.0.1","TCP","44","5000  >  53747 [FIN, ACK] Seq=192 Ack=147 Win=65280 Len=0"
"84","25.777792","127.0.0.1","127.0.0.1","TCP","44","53747  >  5000 [ACK] Seq=147 Ack=193 Win=65280 Len=0"
"85","29.470708","127.0.0.1","127.0.0.1","TCP","56","53749  >  5000 [SYN] Seq=0 Win=65535 Len=0 MSS=65495 WS=256 SACK_PERM"
"86","29.470775","127.0.0.1","127.0.0.1","TCP","56","5000  >  53749 [SYN, ACK] Seq=0 Ack=1 Win=65535 Len=0 MSS=65495 WS=256 SACK_PERM"
"87","29.470817","127.0.0.1","127.0.0.1","TCP","44","53749  >  5000 [ACK] Seq=1 Ack=1 Win=65280 Len=0"
"88","29.470878","127.0.0.1","127.0.0.1","HTTP","189","GET / HTTP/1.1 "
"89","29.470891","127.0.0.1","127.0.0.1","TCP","44","5000  >  53749 [ACK] Seq=1 Ack=146 Win=65280 Len=0"
"90","30.548093","127.0.0.1","127.0.0.1","TCP","217","5000  >  53749 [PSH, ACK] Seq=1 Ack=146 Win=65280 Len=173 [TCP PDU reassembled in 92]"
"91","30.548132","127.0.0.1","127.0.0.1","TCP","44","53749  >  5000 [ACK] Seq=146 Ack=174 Win=65280 Len=0"
"92","30.548155","127.0.0.1","127.0.0.1","HTTP","62","HTTP/1.0 200 OK  (text/html)"
"93","30.548165","127.0.0.1","127.0.0.1","TCP","44","53749  >  5000 [ACK] Seq=146 Ack=192 Win=65280 Len=0"
"94","30.548644","127.0.0.1","127.0.0.1","TCP","44","53749  >  5000 [FIN, ACK] Seq=146 Ack=192 Win=65280 Len=0"
"95","30.548685","127.0.0.1","127.0.0.1","TCP","44","5000  >  53749 [ACK] Seq=192 Ack=147 Win=65280 Len=0"
"96","30.550075","127.0.0.1","127.0.0.1","TCP","44","5000  >  53749 [FIN, ACK] Seq=192 Ack=147 Win=65280 Len=0"
"97","30.550131","127.0.0.1","127.0.0.1","TCP","44","53749  >  5000 [ACK] Seq=147 Ack=193 Win=65280 Len=0"
"98","31.357014","127.0.0.1","127.0.0.1","TCP","56","53750  >  5000 [SYN] Seq=0 Win=65535 Len=0 MSS=65495 WS=256 SACK_PERM"
"99","31.357074","127.0.0.1","127.0.0.1","TCP","56","5000  >  53750 [SYN, ACK] Seq=0 Ack=1 Win=65535 Len=0 MSS=65495 WS=256 SACK_PERM"
"100","31.357106","127.0.0.1","127.0.0.1","TCP","44","53750  >  5000 [ACK] Seq=1 Ack=1 Win=65280 Len=0"
"101","31.357157","127.0.0.1","127.0.0.1","HTTP","189","GET / HTTP/1.1 "
"102","31.357167","127.0.0.1","127.0.0.1","TCP","44","5000  >  53750 [ACK] Seq=1 Ack=146 Win=65280 Len=0"
"107","32.377908","127.0.0.1","127.0.0.1","TCP","217","5000  >  53750 [PSH, ACK] Seq=1 Ack=146 Win=65280 Len=173 [TCP PDU reassembled in 109]"
"108","32.377943","127.0.0.1","127.0.0.1","TCP","44","53750  >  5000 [ACK] Seq=146 Ack=174 Win=65280 Len=0"
"109","32.377965","127.0.0.1","127.0.0.1","HTTP","62","HTTP/1.0 200 OK  (text/html)"
"110","32.377975","127.0.0.1","127.0.0.1","TCP","44","53750  >  5000 [ACK] Seq=146 Ack=192 Win=65280 Len=0"
"111","32.378326","127.0.0.1","127.0.0.1","TCP","44","53750  >  5000 [FIN, ACK] Seq=146 Ack=192 Win=65280 Len=0"
"112","32.378352","127.0.0.1","127.0.0.1","TCP","44","5000  >  53750 [ACK] Seq=192 Ack=147 Win=65280 Len=0"
"113","32.379687","127.0.0.1","127.0.0.1","TCP","44","5000  >  53750 [FIN, ACK] Seq=192 Ack=147 Win=65280 Len=0"
"114","32.379733","127.0.0.1","127.0.0.1","TCP","44","53750  >  5000 [ACK] Seq=147 Ack=193 Win=65280 Len=0"
"115","35.465423","127.0.0.1","127.0.0.1","TCP","56","53751  >  5000 [SYN] Seq=0 Win=65535 Len=0 MSS=65495 WS=256 SACK_PERM"
"116","35.465483","127.0.0.1","127.0.0.1","TCP","56","5000  >  53751 [SYN, ACK] Seq=0 Ack=1 Win=65535 Len=0 MSS=65495 WS=256 SACK_PERM"
"117","35.465524","127.0.0.1","127.0.0.1","TCP","44","53751  >  5000 [ACK] Seq=1 Ack=1 Win=65280 Len=0"
"118","35.465577","127.0.0.1","127.0.0.1","HTTP","189","GET / HTTP/1.1 "
"119","35.465590","127.0.0.1","127.0.0.1","TCP","44","5000  >  53751 [ACK] Seq=1 Ack=146 Win=65280 Len=0"
"120","36.540228","127.0.0.1","127.0.0.1","TCP","217","5000  >  53751 [PSH, ACK] Seq=1 Ack=146 Win=65280 Len=173 [TCP PDU reassembled in 122]"
"121","36.540270","127.0.0.1","127.0.0.1","TCP","44","53751  >  5000 [ACK] Seq=146 Ack=174 Win=65280 Len=0"
"122","36.540291","127.0.0.1","127.0.0.1","HTTP","62","HTTP/1.0 200 OK  (text/html)"
"123","36.540301","127.0.0.1","127.0.0.1","TCP","44","53751  >  5000 [ACK] Seq=146 Ack=192 Win=65280 Len=0"
"124","36.540666","127.0.0.1","127.0.0.1","TCP","44","53751  >  5000 [FIN, ACK] Seq=146 Ack=192 Win=65280 Len=0"
"125","36.540697","127.0.0.1","127.0.0.1","TCP","44","5000  >  53751 [ACK] Seq=192 Ack=147 Win=65280 Len=0"
"126","36.542068","127.0.0.1","127.0.0.1","TCP","44","5000  >  53751 [FIN, ACK] Seq=192 Ack=147 Win=65280 Len=0"
"127","36.542117","127.0.0.1","127.0.0.1","TCP","44","53751  >  5000 [ACK] Seq=147 Ack=193 Win=65280 Len=0"
"128","38.272000","127.0.0.1","127.0.0.1","TCP","56","53752  >  5000 [SYN] Seq=0 Win=65535 Len=0 MSS=65495 WS=256 SACK_PERM"
"129","38.272062","127.0.0.1","127.0.0.1","TCP","56","5000  >  53752 [SYN, ACK] Seq=0 Ack=1 Win=65535 Len=0 MSS=65495 WS=256 SACK_PERM"
"130","38.272107","127.0.0.1","127.0.0.1","TCP","44","53752  >  5000 [ACK] Seq=1 Ack=1 Win=65280 Len=0"
"131","38.272174","127.0.0.1","127.0.0.1","HTTP","189","GET / HTTP/1.1 "
"132","38.272186","127.0.0.1","127.0.0.1","TCP","44","5000  >  53752 [ACK] Seq=1 Ack=146 Win=65280 Len=0"
"133","39.750338","127.0.0.1","127.0.0.1","TCP","217","5000  >  53752 [PSH, ACK] Seq=1 Ack=146 Win=65280 Len=173 [TCP PDU reassembled in 135]"
"134","39.750375","127.0.0.1","127.0.0.1","TCP","44","53752  >  5000 [ACK] Seq=146 Ack=174 Win=65280 Len=0"
"135","39.750396","127.0.0.1","127.0.0.1","HTTP","62","HTTP/1.0 200 OK  (text/html)"
"136","39.750405","127.0.0.1","127.0.0.1","TCP","44","53752  >  5000 [ACK] Seq=146 Ack=192 Win=65280 Len=0"
"137","39.750847","127.0.0.1","127.0.0.1","TCP","44","53752  >  5000 [FIN, ACK] Seq=146 Ack=192 Win=65280 Len=0"
"138","39.750878","127.0.0.1","127.0.0.1","TCP","44","5000  >  53752 [ACK] Seq=192 Ack=147 Win=65280 Len=0"
"139","39.752249","127.0.0.1","127.0.0.1","TCP","44","5000  >  53752 [FIN, ACK] Seq=192 Ack=147 Win=65280 Len=0"
"140","39.752284","127.0.0.1","127.0.0.1","TCP","44","53752  >  5000 [ACK] Seq=147 Ack=193 Win=65280 Len=0"
"141","40.351659","127.0.0.1","127.0.0.1","TCP","56","53753  >  5000 [SYN] Seq=0 Win=65535 Len=0 MSS=65495 WS=256 SACK_PERM"
"142","40.351719","127.0.0.1","127.0.0.1","TCP","56","5000  >  53753 [SYN, ACK] Seq=0 Ack=1 Win=65535 Len=0 MSS=65495 WS=256 SACK_PERM"
"143","40.351752","127.0.0.1","127.0.0.1","TCP","44","53753  >  5000 [ACK] Seq=1 Ack=1 Win=65280 Len=0"
"144","40.351802","127.0.0.1","127.0.0.1","HTTP","189","GET / HTTP/1.1 "
"145","40.351815","127.0.0.1","127.0.0.1","TCP","44","5000  >  53753 [ACK] Seq=1 Ack=146 Win=65280 Len=0"
"146","41.370124","127.0.0.1","127.0.0.1","TCP","217","5000  >  53753 [PSH, ACK] Seq=1 Ack=146 Win=65280 Len=173 [TCP PDU reassembled in 148]"
"147","41.370159","127.0.0.1","127.0.0.1","TCP","44","53753  >  5000 [ACK] Seq=146 Ack=174 Win=65280 Len=0"
"148","41.370180","127.0.0.1","127.0.0.1","HTTP","62","HTTP/1.0 200 OK  (text/html)"
"149","41.370190","127.0.0.1","127.0.0.1","TCP","44","53753  >  5000 [ACK] Seq=146 Ack=192 Win=65280 Len=0"
"150","41.370517","127.0.0.1","127.0.0.1","TCP","44","53753  >  5000 [FIN, ACK] Seq=146 Ack=192 Win=65280 Len=0"
"151","41.370537","127.0.0.1","127.0.0.1","TCP","44","5000  >  53753 [ACK] Seq=192 Ack=147 Win=65280 Len=0"
"152","41.371906","127.0.0.1","127.0.0.1","TCP","44","5000  >  53753 [FIN, ACK] Seq=192 Ack=147 Win=65280 Len=0"
"153","41.371947","127.0.0.1","127.0.0.1","TCP","44","53753  >  5000 [ACK] Seq=147 Ack=193 Win=65280 Len=0"
"158","41.445618","127.0.0.1","127.0.0.1","TCP","56","53754  >  5000 [SYN] Seq=0 Win=65535 Len=0 MSS=65495 WS=256 SACK_PERM"
"159","41.445679","127.0.0.1","127.0.0.1","TCP","56","5000  >  53754 [SYN, ACK] Seq=0 Ack=1 Win=65535 Len=0 MSS=65495 WS=256 SACK_PERM"
"160","41.445711","127.0.0.1","127.0.0.1","TCP","44","53754  >  5000 [ACK] Seq=1 Ack=1 Win=65280 Len=0"
"161","41.445759","127.0.0.1","127.0.0.1","HTTP","189","GET / HTTP/1.1 "
"162","41.445772","127.0.0.1","127.0.0.1","TCP","44","5000  >  53754 [ACK] Seq=1 Ack=146 Win=65280 Len=0"
"163","42.510050","127.0.0.1","127.0.0.1","TCP","217","5000  >  53754 [PSH, ACK] Seq=1 Ack=146 Win=65280 Len=173 [TCP PDU reassembled in 165]"
"164","42.510084","127.0.0.1","127.0.0.1","TCP","44","53754  >  5000 [ACK] Seq=146 Ack=174 Win=65280 Len=0"
"165","42.510106","127.0.0.1","127.0.0.1","HTTP","62","HTTP/1.0 200 OK  (text/html)"
"166","42.510119","127.0.0.1","127.0.0.1","TCP","44","53754  >  5000 [ACK] Seq=146 Ack=192 Win=65280 Len=0"
"167","42.510454","127.0.0.1","127.0.0.1","TCP","44","53754  >  5000 [FIN, ACK] Seq=146 Ack=192 Win=65280 Len=0"
"168","42.510484","127.0.0.1","127.0.0.1","TCP","44","5000  >  53754 [ACK] Seq=192 Ack=147 Win=65280 Len=0"
"169","42.511878","127.0.0.1","127.0.0.1","TCP","44","5000  >  53754 [FIN, ACK] Seq=192 Ack=147 Win=65280 Len=0"
"170","42.511923","127.0.0.1","127.0.0.1","TCP","44","53754  >  5000 [ACK] Seq=147 Ack=193 Win=65280 Len=0"
"179","45.998592","127.0.0.1","127.0.0.1","TCP","56","53755  >  5000 [SYN] Seq=0 Win=65535 Len=0 MSS=65495 WS=256 SACK_PERM"
"180","45.998655","127.0.0.1","127.0.0.1","TCP","56","5000  >  53755 [SYN, ACK] Seq=0 Ack=1 Win=65535 Len=0 MSS=65495 WS=256 SACK_PERM"
"181","45.998690","127.0.0.1","127.0.0.1","TCP","44","53755  >  5000 [ACK] Seq=1 Ack=1 Win=65280 Len=0"
"182","45.998738","127.0.0.1","127.0.0.1","HTTP","189","GET / HTTP/1.1 "
"183","45.998750","127.0.0.1","127.0.0.1","TCP","44","5000  >  53755 [ACK] Seq=1 Ack=146 Win=65280 Len=0"
"185","47.339452","127.0.0.1","127.0.0.1","TCP","217","5000  >  53755 [PSH, ACK] Seq=1 Ack=146 Win=65280 Len=173 [TCP PDU reassembled in 187]"
"186","47.339490","127.0.0.1","127.0.0.1","TCP","44","53755  >  5000 [ACK] Seq=146 Ack=174 Win=65280 Len=0"
"187","47.339512","127.0.0.1","127.0.0.1","HTTP","62","HTTP/1.0 200 OK  (text/html)"
"188","47.339522","127.0.0.1","127.0.0.1","TCP","44","53755  >  5000 [ACK] Seq=146 Ack=192 Win=65280 Len=0"
"189","47.339862","127.0.0.1","127.0.0.1","TCP","44","53755  >  5000 [FIN, ACK] Seq=146 Ack=192 Win=65280 Len=0"
"190","47.339890","127.0.0.1","127.0.0.1","TCP","44","5000  >  53755 [ACK] Seq=192 Ack=147 Win=65280 Len=0"
"191","47.341254","127.0.0.1","127.0.0.1","TCP","44","5000  >  53755 [FIN, ACK] Seq=192 Ack=147 Win=65280 Len=0"
"192","47.341302","127.0.0.1","127.0.0.1","TCP","44","53755  >  5000 [ACK] Seq=147 Ack=193 Win=65280 Len=0"
"195","49.972724","127.0.0.1","127.0.0.1","TCP","56","53756  >  5000 [SYN] Seq=0 Win=65535 Len=0 MSS=65495 WS=256 SACK_PERM"
"196","49.972781","127.0.0.1","127.0.0.1","TCP","56","5000  >  53756 [SYN, ACK] Seq=0 Ack=1 Win=65535 Len=0 MSS=65495 WS=256 SACK_PERM"
"197","49.972813","127.0.0.1","127.0.0.1","TCP","44","53756  >  5000 [ACK] Seq=1 Ack=1 Win=65280 Len=0"
"198","49.972859","127.0.0.1","127.0.0.1","HTTP","189","GET / HTTP/1.1 "
"199","49.972869","127.0.0.1","127.0.0.1","TCP","44","5000  >  53756 [ACK] Seq=1 Ack=146 Win=65280 Len=0"
"200","51.300833","127.0.0.1","127.0.0.1","TCP","217","5000  >  53756 [PSH, ACK] Seq=1 Ack=146 Win=65280 Len=173 [TCP PDU reassembled in 202]"
"201","51.300869","127.0.0.1","127.0.0.1","TCP","44","53756  >  5000 [ACK] Seq=146 Ack=174 Win=65280 Len=0"
"202","51.300889","127.0.0.1","127.0.0.1","HTTP","62","HTTP/1.0 200 OK  (text/html)"
"203","51.300898","127.0.0.1","127.0.0.1","TCP","44","53756  >  5000 [ACK] Seq=146 Ack=192 Win=65280 Len=0"
"204","51.301245","127.0.0.1","127.0.0.1","TCP","44","53756  >  5000 [FIN, ACK] Seq=146 Ack=192 Win=65280 Len=0"
"205","51.301274","127.0.0.1","127.0.0.1","TCP","44","5000  >  53756 [ACK] Seq=192 Ack=147 Win=65280 Len=0"
"206","51.302639","127.0.0.1","127.0.0.1","TCP","44","5000  >  53756 [FIN, ACK] Seq=192 Ack=147 Win=65280 Len=0"
"207","51.302684","127.0.0.1","127.0.0.1","TCP","44","53756  >  5000 [ACK] Seq=147 Ack=193 Win=65280 Len=0"
"212","51.811672","127.0.0.1","127.0.0.1","TCP","56","53757  >  5000 [SYN] Seq=0 Win=65535 Len=0 MSS=65495 WS=256 SACK_PERM"
"213","51.811741","127.0.0.1","127.0.0.1","TCP","56","5000  >  53757 [SYN, ACK] Seq=0 Ack=1 Win=65535 Len=0 MSS=65495 WS=256 SACK_PERM"
"214","51.811776","127.0.0.1","127.0.0.1","TCP","44","53757  >  5000 [ACK] Seq=1 Ack=1 Win=65280 Len=0"
"215","51.811834","127.0.0.1","127.0.0.1","HTTP","189","GET / HTTP/1.1 "
"216","51.811849","127.0.0.1","127.0.0.1","TCP","44","5000  >  53757 [ACK] Seq=1 Ack=146 Win=65280 Len=0"
"217","53.059088","127.0.0.1","127.0.0.1","TCP","217","5000  >  53757 [PSH, ACK] Seq=1 Ack=146 Win=65280 Len=173 [TCP PDU reassembled in 219]"
"218","53.059121","127.0.0.1","127.0.0.1","TCP","44","53757  >  5000 [ACK] Seq=146 Ack=174 Win=65280 Len=0"
"219","53.059170","127.0.0.1","127.0.0.1","HTTP","62","HTTP/1.0 200 OK  (text/html)"
"220","53.059179","127.0.0.1","127.0.0.1","TCP","44","53757  >  5000 [ACK] Seq=146 Ack=192 Win=65280 Len=0"
"221","53.059495","127.0.0.1","127.0.0.1","TCP","44","53757  >  5000 [FIN, ACK] Seq=146 Ack=192 Win=65280 Len=0"
"222","53.059522","127.0.0.1","127.0.0.1","TCP","44","5000  >  53757 [ACK] Seq=192 Ack=147 Win=65280 Len=0"
"223","53.060858","127.0.0.1","127.0.0.1","TCP","44","5000  >  53757 [FIN, ACK] Seq=192 Ack=147 Win=65280 Len=0"
"224","53.060906","127.0.0.1","127.0.0.1","TCP","44","53757  >  5000 [ACK] Seq=147 Ack=193 Win=65280 Len=0"
"225","56.082111","127.0.0.1","127.0.0.1","TCP","56","53758  >  5000 [SYN] Seq=0 Win=65535 Len=0 MSS=65495 WS=256 SACK_PERM"
"226","56.082172","127.0.0.1","127.0.0.1","TCP","56","5000  >  53758 [SYN, ACK] Seq=0 Ack=1 Win=65535 Len=0 MSS=65495 WS=256 SACK_PERM"
"227","56.082208","127.0.0.1","127.0.0.1","TCP","44","53758  >  5000 [ACK] Seq=1 Ack=1 Win=65280 Len=0"
"228","56.082256","127.0.0.1","127.0.0.1","HTTP","189","GET / HTTP/1.1 "
"229","56.082271","127.0.0.1","127.0.0.1","TCP","44","5000  >  53758 [ACK] Seq=1 Ack=146 Win=65280 Len=0"
"230","57.464374","127.0.0.1","127.0.0.1","TCP","217","5000  >  53758 [PSH, ACK] Seq=1 Ack=146 Win=65280 Len=173 [TCP PDU reassembled in 232]"
"231","57.464413","127.0.0.1","127.0.0.1","TCP","44","53758  >  5000 [ACK] Seq=146 Ack=174 Win=65280 Len=0"
"232","57.464435","127.0.0.1","127.0.0.1","HTTP","62","HTTP/1.0 200 OK  (text/html)"
"233","57.464445","127.0.0.1","127.0.0.1","TCP","44","53758  >  5000 [ACK] Seq=146 Ack=192 Win=65280 Len=0"
"234","57.464824","127.0.0.1","127.0.0.1","TCP","44","53758  >  5000 [FIN, ACK] Seq=146 Ack=192 Win=65280 Len=0"
"235","57.464854","127.0.0.1","127.0.0.1","TCP","44","5000  >  53758 [ACK] Seq=192 Ack=147 Win=65280 Len=0"
"236","57.466259","127.0.0.1","127.0.0.1","TCP","44","5000  >  53758 [FIN, ACK] Seq=192 Ack=147 Win=65280 Len=0"
"237","57.466309","127.0.0.1","127.0.0.1","TCP","44","53758  >  5000 [ACK] Seq=147 Ack=193 Win=65280 Len=0"
"238","58.694407","127.0.0.1","127.0.0.1","TCP","56","53759  >  5000 [SYN] Seq=0 Win=65535 Len=0 MSS=65495 WS=256 SACK_PERM"
"239","58.694460","127.0.0.1","127.0.0.1","TCP","56","5000  >  53759 [SYN, ACK] Seq=0 Ack=1 Win=65535 Len=0 MSS=65495 WS=256 SACK_PERM"
"240","58.694492","127.0.0.1","127.0.0.1","TCP","44","53759  >  5000 [ACK] Seq=1 Ack=1 Win=65280 Len=0"
"241","58.694541","127.0.0.1","127.0.0.1","HTTP","189","GET / HTTP/1.1 "
"242","58.694552","127.0.0.1","127.0.0.1","TCP","44","5000  >  53759 [ACK] Seq=1 Ack=146 Win=65280 Len=0"
"243","59.883527","127.0.0.1","127.0.0.1","TCP","217","5000  >  53759 [PSH, ACK] Seq=1 Ack=146 Win=65280 Len=173 [TCP PDU reassembled in 245]"
"244","59.883565","127.0.0.1","127.0.0.1","TCP","44","53759  >  5000 [ACK] Seq=146 Ack=174 Win=65280 Len=0"
"245","59.883587","127.0.0.1","127.0.0.1","HTTP","62","HTTP/1.0 200 OK  (text/html)"
"246","59.883597","127.0.0.1","127.0.0.1","TCP","44","53759  >  5000 [ACK] Seq=146 Ack=192 Win=65280 Len=0"
"247","59.883941","127.0.0.1","127.0.0.1","TCP","44","53759  >  5000 [FIN, ACK] Seq=146 Ack=192 Win=65280 Len=0"
"248","59.883970","127.0.0.1","127.0.0.1","TCP","44","5000  >  53759 [ACK] Seq=192 Ack=147 Win=65280 Len=0"
"249","59.885325","127.0.0.1","127.0.0.1","TCP","44","5000  >  53759 [FIN, ACK] Seq=192 Ack=147 Win=65280 Len=0"
"250","59.885373","127.0.0.1","127.0.0.1","TCP","44","53759  >  5000 [ACK] Seq=147 Ack=193 Win=65280 Len=0"
"259","63.680132","127.0.0.1","127.0.0.1","TCP","56","53760  >  5000 [SYN] Seq=0 Win=65535 Len=0 MSS=65495 WS=256 SACK_PERM"
"260","63.680196","127.0.0.1","127.0.0.1","TCP","56","5000  >  53760 [SYN, ACK] Seq=0 Ack=1 Win=65535 Len=0 MSS=65495 WS=256 SACK_PERM"
"261","63.680232","127.0.0.1","127.0.0.1","TCP","44","53760  >  5000 [ACK] Seq=1 Ack=1 Win=65280 Len=0"
"262","63.680301","127.0.0.1","127.0.0.1","HTTP","189","GET / HTTP/1.1 "
"263","63.680320","127.0.0.1","127.0.0.1","TCP","44","5000  >  53760 [ACK] Seq=1 Ack=146 Win=65280 Len=0"
"264","64.862223","127.0.0.1","127.0.0.1","TCP","217","5000  >  53760 [PSH, ACK] Seq=1 Ack=146 Win=65280 Len=173 [TCP PDU reassembled in 266]"
"265","64.862266","127.0.0.1","127.0.0.1","TCP","44","53760  >  5000 [ACK] Seq=146 Ack=174 Win=65280 Len=0"
"266","64.862287","127.0.0.1","127.0.0.1","HTTP","62","HTTP/1.0 200 OK  (text/html)"
"267","64.862295","127.0.0.1","127.0.0.1","TCP","44","53760  >  5000 [ACK] Seq=146 Ack=192 Win=65280 Len=0"
"268","64.862767","127.0.0.1","127.0.0.1","TCP","44","53760  >  5000 [FIN, ACK] Seq=146 Ack=192 Win=65280 Len=0"
"269","64.862807","127.0.0.1","127.0.0.1","TCP","44","5000  >  53760 [ACK] Seq=192 Ack=147 Win=65280 Len=0"
"270","64.864261","127.0.0.1","127.0.0.1","TCP","44","5000  >  53760 [FIN, ACK] Seq=192 Ack=147 Win=65280 Len=0"
"271","64.864331","127.0.0.1","127.0.0.1","TCP","44","53760  >  5000 [ACK] Seq=147 Ack=193 Win=65280 Len=0"
"280","66.764024","127.0.0.1","127.0.0.1","TCP","56","50077  >  5000 [SYN] Seq=0 Win=65535 Len=0 MSS=65495 WS=256 SACK_PERM"
"281","66.764087","127.0.0.1","127.0.0.1","TCP","56","5000  >  50077 [SYN, ACK] Seq=0 Ack=1 Win=65535 Len=0 MSS=65495 WS=256 SACK_PERM"
"282","66.764123","127.0.0.1","127.0.0.1","TCP","44","50077  >  5000 [ACK] Seq=1 Ack=1 Win=65280 Len=0"
"283","66.764187","127.0.0.1","127.0.0.1","HTTP","189","GET / HTTP/1.1 "
"284","66.764203","127.0.0.1","127.0.0.1","TCP","44","5000  >  50077 [ACK] Seq=1 Ack=146 Win=65280 Len=0"
"285","67.987589","127.0.0.1","127.0.0.1","TCP","217","5000  >  50077 [PSH, ACK] Seq=1 Ack=146 Win=65280 Len=173 [TCP PDU reassembled in 287]"
"286","67.987632","127.0.0.1","127.0.0.1","TCP","44","50077  >  5000 [ACK] Seq=146 Ack=174 Win=65280 Len=0"
"287","67.987662","127.0.0.1","127.0.0.1","HTTP","62","HTTP/1.0 200 OK  (text/html)"
"288","67.987674","127.0.0.1","127.0.0.1","TCP","44","50077  >  5000 [ACK] Seq=146 Ack=192 Win=65280 Len=0"
"289","67.988016","127.0.0.1","127.0.0.1","TCP","44","50077  >  5000 [FIN, ACK] Seq=146 Ack=192 Win=65280 Len=0"
"290","67.988048","127.0.0.1","127.0.0.1","TCP","44","5000  >  50077 [ACK] Seq=192 Ack=147 Win=65280 Len=0"
"291","67.989405","127.0.0.1","127.0.0.1","TCP","44","5000  >  50077 [FIN, ACK] Seq=192 Ack=147 Win=65280 Len=0"
"292","67.989433","127.0.0.1","127.0.0.1","TCP","44","50077  >  5000 [ACK] Seq=147 Ack=193 Win=65280 Len=0"
"293","68.871887","127.0.0.1","127.0.0.1","TCP","56","50078  >  5000 [SYN] Seq=0 Win=65535 Len=0 MSS=65495 WS=256 SACK_PERM"
"294","68.871949","127.0.0.1","127.0.0.1","TCP","56","5000  >  50078 [SYN, ACK] Seq=0 Ack=1 Win=65535 Len=0 MSS=65495 WS=256 SACK_PERM"
"295","68.871984","127.0.0.1","127.0.0.1","TCP","44","50078  >  5000 [ACK] Seq=1 Ack=1 Win=65280 Len=0"
"296","68.872050","127.0.0.1","127.0.0.1","HTTP","189","GET / HTTP/1.1 "
"297","68.872070","127.0.0.1","127.0.0.1","TCP","44","5000  >  50078 [ACK] Seq=1 Ack=146 Win=65280 Len=0"
"298","70.149123","127.0.0.1","127.0.0.1","TCP","217","5000  >  50078 [PSH, ACK] Seq=1 Ack=146 Win=65280 Len=173 [TCP PDU reassembled in 300]"
"299","70.149169","127.0.0.1","127.0.0.1","TCP","44","50078  >  5000 [ACK] Seq=146 Ack=174 Win=65280 Len=0"
"300","70.149197","127.0.0.1","127.0.0.1","HTTP","62","HTTP/1.0 200 OK  (text/html)"
"301","70.149210","127.0.0.1","127.0.0.1","TCP","44","50078  >  5000 [ACK] Seq=146 Ack=192 Win=65280 Len=0"
"302","70.149557","127.0.0.1","127.0.0.1","TCP","44","50078  >  5000 [FIN, ACK] Seq=146 Ack=192 Win=65280 Len=0"
"303","70.149589","127.0.0.1","127.0.0.1","TCP","44","5000  >  50078 [ACK] Seq=192 Ack=147 Win=65280 Len=0"
"304","70.150942","127.0.0.1","127.0.0.1","TCP","44","5000  >  50078 [FIN, ACK] Seq=192 Ack=147 Win=65280 Len=0"
"305","70.150966","127.0.0.1","127.0.0.1","TCP","44","50078  >  5000 [ACK] Seq=147 Ack=193 Win=65280 Len=0"
"310","74.957164","127.0.0.1","127.0.0.1","TCP","56","50079  >  5000 [SYN] Seq=0 Win=65535 Len=0 MSS=65495 WS=256 SACK_PERM"
"311","74.957264","127.0.0.1","127.0.0.1","TCP","56","5000  >  50079 [SYN, ACK] Seq=0 Ack=1 Win=65535 Len=0 MSS=65495 WS=256 SACK_PERM"
"312","74.957304","127.0.0.1","127.0.0.1","TCP","44","50079  >  5000 [ACK] Seq=1 Ack=1 Win=65280 Len=0"
"313","74.957380","127.0.0.1","127.0.0.1","HTTP","189","GET / HTTP/1.1 "
"314","74.957403","127.0.0.1","127.0.0.1","TCP","44","5000  >  50079 [ACK] Seq=1 Ack=146 Win=65280 Len=0"
"315","76.277655","127.0.0.1","127.0.0.1","TCP","217","5000  >  50079 [PSH, ACK] Seq=1 Ack=146 Win=65280 Len=173 [TCP PDU reassembled in 317]"
"316","76.277686","127.0.0.1","127.0.0.1","TCP","44","50079  >  5000 [ACK] Seq=146 Ack=174 Win=65280 Len=0"
"317","76.277712","127.0.0.1","127.0.0.1","HTTP","62","HTTP/1.0 200 OK  (text/html)"
"318","76.277721","127.0.0.1","127.0.0.1","TCP","44","50079  >  5000 [ACK] Seq=146 Ack=192 Win=65280 Len=0"
"319","76.278085","127.0.0.1","127.0.0.1","TCP","44","50079  >  5000 [FIN, ACK] Seq=146 Ack=192 Win=65280 Len=0"
"320","76.278116","127.0.0.1","127.0.0.1","TCP","44","5000  >  50079 [ACK] Seq=192 Ack=147 Win=65280 Len=0"
"321","76.279470","127.0.0.1","127.0.0.1","TCP","44","5000  >  50079 [FIN, ACK] Seq=192 Ack=147 Win=65280 Len=0"
"322","76.279494","127.0.0.1","127.0.0.1","TCP","44","50079  >  5000 [ACK] Seq=147 Ack=193 Win=65280 Len=0"
"324","79.343716","127.0.0.1","127.0.0.1","TCP","56","50080  >  5000 [SYN] Seq=0 Win=65535 Len=0 MSS=65495 WS=256 SACK_PERM"
"325","79.343778","127.0.0.1","127.0.0.1","TCP","56","5000  >  50080 [SYN, ACK] Seq=0 Ack=1 Win=65535 Len=0 MSS=65495 WS=256 SACK_PERM"
"326","79.343812","127.0.0.1","127.0.0.1","TCP","44","50080  >  5000 [ACK] Seq=1 Ack=1 Win=65280 Len=0"
"327","79.343874","127.0.0.1","127.0.0.1","HTTP","189","GET / HTTP/1.1 "
"328","79.343892","127.0.0.1","127.0.0.1","TCP","44","5000  >  50080 [ACK] Seq=1 Ack=146 Win=65280 Len=0"
"329","80.357057","127.0.0.1","127.0.0.1","TCP","217","5000  >  50080 [PSH, ACK] Seq=1 Ack=146 Win=65280 Len=173 [TCP PDU reassembled in 331]"
"330","80.357098","127.0.0.1","127.0.0.1","TCP","44","50080  >  5000 [ACK] Seq=146 Ack=174 Win=65280 Len=0"
"331","80.357125","127.0.0.1","127.0.0.1","HTTP","62","HTTP/1.0 200 OK  (text/html)"
"332","80.357136","127.0.0.1","127.0.0.1","TCP","44","50080  >  5000 [ACK] Seq=146 Ack=192 Win=65280 Len=0"
"333","80.357489","127.0.0.1","127.0.0.1","TCP","44","50080  >  5000 [FIN, ACK] Seq=146 Ack=192 Win=65280 Len=0"
"334","80.357520","127.0.0.1","127.0.0.1","TCP","44","5000  >  50080 [ACK] Seq=192 Ack=147 Win=65280 Len=0"
"335","80.358987","127.0.0.1","127.0.0.1","TCP","44","5000  >  50080 [FIN, ACK] Seq=192 Ack=147 Win=65280 Len=0"
"336","80.359011","127.0.0.1","127.0.0.1","TCP","44","50080  >  5000 [ACK] Seq=147 Ack=193 Win=65280 Len=0"
"341","81.868404","127.0.0.1","127.0.0.1","TCP","56","50081  >  5000 [SYN] Seq=0 Win=65535 Len=0 MSS=65495 WS=256 SACK_PERM"
"342","81.868470","127.0.0.1","127.0.0.1","TCP","56","5000  >  50081 [SYN, ACK] Seq=0 Ack=1 Win=65535 Len=0 MSS=65495 WS=256 SACK_PERM"
"343","81.868504","127.0.0.1","127.0.0.1","TCP","44","50081  >  5000 [ACK] Seq=1 Ack=1 Win=65280 Len=0"
"344","81.868565","127.0.0.1","127.0.0.1","HTTP","189","GET / HTTP/1.1 "
"345","81.868582","127.0.0.1","127.0.0.1","TCP","44","5000  >  50081 [ACK] Seq=1 Ack=146 Win=65280 Len=0"
"346","83.143811","127.0.0.1","127.0.0.1","TCP","217","5000  >  50081 [PSH, ACK] Seq=1 Ack=146 Win=65280 Len=173 [TCP PDU reassembled in 348]"
"347","83.143854","127.0.0.1","127.0.0.1","TCP","44","50081  >  5000 [ACK] Seq=146 Ack=174 Win=65280 Len=0"
"348","83.143881","127.0.0.1","127.0.0.1","HTTP","62","HTTP/1.0 200 OK  (text/html)"
"349","83.143895","127.0.0.1","127.0.0.1","TCP","44","50081  >  5000 [ACK] Seq=146 Ack=192 Win=65280 Len=0"
"350","83.144269","127.0.0.1","127.0.0.1","TCP","44","50081  >  5000 [FIN, ACK] Seq=146 Ack=192 Win=65280 Len=0"
"351","83.144306","127.0.0.1","127.0.0.1","TCP","44","5000  >  50081 [ACK] Seq=192 Ack=147 Win=65280 Len=0"
"352","83.145690","127.0.0.1","127.0.0.1","TCP","44","5000  >  50081 [FIN, ACK] Seq=192 Ack=147 Win=65280 Len=0"
"353","83.145714","127.0.0.1","127.0.0.1","TCP","44","50081  >  5000 [ACK] Seq=147 Ack=193 Win=65280 Len=0"
"362","85.927899","127.0.0.1","127.0.0.1","TCP","56","50082  >  5000 [SYN] Seq=0 Win=65535 Len=0 MSS=65495 WS=256 SACK_PERM"
"363","85.927962","127.0.0.1","127.0.0.1","TCP","56","5000  >  50082 [SYN, ACK] Seq=0 Ack=1 Win=65535 Len=0 MSS=65495 WS=256 SACK_PERM"
"364","85.927997","127.0.0.1","127.0.0.1","TCP","44","50082  >  5000 [ACK] Seq=1 Ack=1 Win=65280 Len=0"
"365","85.928060","127.0.0.1","127.0.0.1","HTTP","189","GET / HTTP/1.1 "
"366","85.928079","127.0.0.1","127.0.0.1","TCP","44","5000  >  50082 [ACK] Seq=1 Ack=146 Win=65280 Len=0"
"367","87.233601","127.0.0.1","127.0.0.1","TCP","217","5000  >  50082 [PSH, ACK] Seq=1 Ack=146 Win=65280 Len=173 [TCP PDU reassembled in 369]"
"368","87.233637","127.0.0.1","127.0.0.1","TCP","44","50082  >  5000 [ACK] Seq=146 Ack=174 Win=65280 Len=0"
"369","87.233663","127.0.0.1","127.0.0.1","HTTP","62","HTTP/1.0 200 OK  (text/html)"
"370","87.233673","127.0.0.1","127.0.0.1","TCP","44","50082  >  5000 [ACK] Seq=146 Ack=192 Win=65280 Len=0"
"371","87.234039","127.0.0.1","127.0.0.1","TCP","44","50082  >  5000 [FIN, ACK] Seq=146 Ack=192 Win=65280 Len=0"
"372","87.234070","127.0.0.1","127.0.0.1","TCP","44","5000  >  50082 [ACK] Seq=192 Ack=147 Win=65280 Len=0"
"373","87.235471","127.0.0.1","127.0.0.1","TCP","44","5000  >  50082 [FIN, ACK] Seq=192 Ack=147 Win=65280 Len=0"
"374","87.235495","127.0.0.1","127.0.0.1","TCP","44","50082  >  5000 [ACK] Seq=147 Ack=193 Win=65280 Len=0"
"391","92.912847","127.0.0.1","127.0.0.1","TCP","56","50083  >  5000 [SYN] Seq=0 Win=65535 Len=0 MSS=65495 WS=256 SACK_PERM"
"392","92.912908","127.0.0.1","127.0.0.1","TCP","56","5000  >  50083 [SYN, ACK] Seq=0 Ack=1 Win=65535 Len=0 MSS=65495 WS=256 SACK_PERM"
"393","92.912943","127.0.0.1","127.0.0.1","TCP","44","50083  >  5000 [ACK] Seq=1 Ack=1 Win=65280 Len=0"
"394","92.913004","127.0.0.1","127.0.0.1","HTTP","189","GET / HTTP/1.1 "
"395","92.913022","127.0.0.1","127.0.0.1","TCP","44","5000  >  50083 [ACK] Seq=1 Ack=146 Win=65280 Len=0"
"396","94.210699","127.0.0.1","127.0.0.1","TCP","217","5000  >  50083 [PSH, ACK] Seq=1 Ack=146 Win=65280 Len=173 [TCP PDU reassembled in 398]"
"397","94.210740","127.0.0.1","127.0.0.1","TCP","44","50083  >  5000 [ACK] Seq=146 Ack=174 Win=65280 Len=0"
"398","94.210767","127.0.0.1","127.0.0.1","HTTP","62","HTTP/1.0 200 OK  (text/html)"
"399","94.210778","127.0.0.1","127.0.0.1","TCP","44","50083  >  5000 [ACK] Seq=146 Ack=192 Win=65280 Len=0"
"400","94.211215","127.0.0.1","127.0.0.1","TCP","44","50083  >  5000 [FIN, ACK] Seq=146 Ack=192 Win=65280 Len=0"
"401","94.211259","127.0.0.1","127.0.0.1","TCP","44","5000  >  50083 [ACK] Seq=192 Ack=147 Win=65280 Len=0"
"402","94.212759","127.0.0.1","127.0.0.1","TCP","44","5000  >  50083 [FIN, ACK] Seq=192 Ack=147 Win=65280 Len=0"
"403","94.212783","127.0.0.1","127.0.0.1","TCP","44","50083  >  5000 [ACK] Seq=147 Ack=193 Win=65280 Len=0"
"404","94.560948","127.0.0.1","127.0.0.1","TCP","56","50084  >  5000 [SYN] Seq=0 Win=65535 Len=0 MSS=65495 WS=256 SACK_PERM"
"405","94.561011","127.0.0.1","127.0.0.1","TCP","56","5000  >  50084 [SYN, ACK] Seq=0 Ack=1 Win=65535 Len=0 MSS=65495 WS=256 SACK_PERM"
"406","94.561046","127.0.0.1","127.0.0.1","TCP","44","50084  >  5000 [ACK] Seq=1 Ack=1 Win=65280 Len=0"
"407","94.561109","127.0.0.1","127.0.0.1","HTTP","189","GET / HTTP/1.1 "
"408","94.561127","127.0.0.1","127.0.0.1","TCP","44","5000  >  50084 [ACK] Seq=1 Ack=146 Win=65280 Len=0"
"409","95.682917","127.0.0.1","127.0.0.1","TCP","217","5000  >  50084 [PSH, ACK] Seq=1 Ack=146 Win=65280 Len=173 [TCP PDU reassembled in 411]"
"410","95.682963","127.0.0.1","127.0.0.1","TCP","44","50084  >  5000 [ACK] Seq=146 Ack=174 Win=65280 Len=0"
"411","95.682991","127.0.0.1","127.0.0.1","HTTP","62","HTTP/1.0 200 OK  (text/html)"
"412","95.683003","127.0.0.1","127.0.0.1","TCP","44","50084  >  5000 [ACK] Seq=146 Ack=192 Win=65280 Len=0"
"413","95.683420","127.0.0.1","127.0.0.1","TCP","44","50084  >  5000 [FIN, ACK] Seq=146 Ack=192 Win=65280 Len=0"
"414","95.683452","127.0.0.1","127.0.0.1","TCP","44","5000  >  50084 [ACK] Seq=192 Ack=147 Win=65280 Len=0"
"415","95.684966","127.0.0.1","127.0.0.1","TCP","44","5000  >  50084 [FIN, ACK] Seq=192 Ack=147 Win=65280 Len=0"
"416","95.684992","127.0.0.1","127.0.0.1","TCP","44","50084  >  5000 [ACK] Seq=147 Ack=193 Win=65280 Len=0"
"417","95.943799","127.0.0.1","127.0.0.1","TCP","56","50086  >  5000 [SYN] Seq=0 Win=65535 Len=0 MSS=65495 WS=256 SACK_PERM"
"418","95.943862","127.0.0.1","127.0.0.1","TCP","56","5000  >  50086 [SYN, ACK] Seq=0 Ack=1 Win=65535 Len=0 MSS=65495 WS=256 SACK_PERM"
"419","95.943895","127.0.0.1","127.0.0.1","TCP","44","50086  >  5000 [ACK] Seq=1 Ack=1 Win=65280 Len=0"
"420","95.943953","127.0.0.1","127.0.0.1","HTTP","189","GET / HTTP/1.1 "
"421","95.943973","127.0.0.1","127.0.0.1","TCP","44","5000  >  50086 [ACK] Seq=1 Ack=146 Win=65280 Len=0"
"422","97.257528","127.0.0.1","127.0.0.1","TCP","217","5000  >  50086 [PSH, ACK] Seq=1 Ack=146 Win=65280 Len=173 [TCP PDU reassembled in 424]"
"423","97.257578","127.0.0.1","127.0.0.1","TCP","44","50086  >  5000 [ACK] Seq=146 Ack=174 Win=65280 Len=0"
"424","97.257607","127.0.0.1","127.0.0.1","HTTP","62","HTTP/1.0 200 OK  (text/html)"
"425","97.257621","127.0.0.1","127.0.0.1","TCP","44","50086  >  5000 [ACK] Seq=146 Ack=192 Win=65280 Len=0"
"426","97.258047","127.0.0.1","127.0.0.1","TCP","44","50086  >  5000 [FIN, ACK] Seq=146 Ack=192 Win=65280 Len=0"
"427","97.258077","127.0.0.1","127.0.0.1","TCP","44","5000  >  50086 [ACK] Seq=192 Ack=147 Win=65280 Len=0"
"428","97.260042","127.0.0.1","127.0.0.1","TCP","44","5000  >  50086 [FIN, ACK] Seq=192 Ack=147 Win=65280 Len=0"
"429","97.260111","127.0.0.1","127.0.0.1","TCP","44","50086  >  5000 [ACK] Seq=147 Ack=193 Win=65280 Len=0"
"430","97.673244","127.0.0.1","127.0.0.1","TCP","56","50087  >  5000 [SYN] Seq=0 Win=65535 Len=0 MSS=65495 WS=256 SACK_PERM"
"431","97.673310","127.0.0.1","127.0.0.1","TCP","56","5000  >  50087 [SYN, ACK] Seq=0 Ack=1 Win=65535 Len=0 MSS=65495 WS=256 SACK_PERM"
"432","97.673345","127.0.0.1","127.0.0.1","TCP","44","50087  >  5000 [ACK] Seq=1 Ack=1 Win=65280 Len=0"
"433","97.673409","127.0.0.1","127.0.0.1","HTTP","189","GET / HTTP/1.1 "
"434","97.673426","127.0.0.1","127.0.0.1","TCP","44","5000  >  50087 [ACK] Seq=1 Ack=146 Win=65280 Len=0"
"435","98.851354","127.0.0.1","127.0.0.1","TCP","217","5000  >  50087 [PSH, ACK] Seq=1 Ack=146 Win=65280 Len=173 [TCP PDU reassembled in 437]"
"436","98.851395","127.0.0.1","127.0.0.1","TCP","44","50087  >  5000 [ACK] Seq=146 Ack=174 Win=65280 Len=0"
"437","98.851422","127.0.0.1","127.0.0.1","HTTP","62","HTTP/1.0 200 OK  (text/html)"
"438","98.851436","127.0.0.1","127.0.0.1","TCP","44","50087  >  5000 [ACK] Seq=146 Ack=192 Win=65280 Len=0"
"439","98.851804","127.0.0.1","127.0.0.1","TCP","44","50087  >  5000 [FIN, ACK] Seq=146 Ack=192 Win=65280 Len=0"
"440","98.851825","127.0.0.1","127.0.0.1","TCP","44","5000  >  50087 [ACK] Seq=192 Ack=147 Win=65280 Len=0"
"441","98.853215","127.0.0.1","127.0.0.1","TCP","44","5000  >  50087 [FIN, ACK] Seq=192 Ack=147 Win=65280 Len=0"
"442","98.853257","127.0.0.1","127.0.0.1","TCP","44","50087  >  5000 [ACK] Seq=147 Ack=193 Win=65280 Len=0"
"447","103.651936","127.0.0.1","127.0.0.1","TCP","56","50088  >  5000 [SYN] Seq=0 Win=65535 Len=0 MSS=65495 WS=256 SACK_PERM"
"448","103.652003","127.0.0.1","127.0.0.1","TCP","56","5000  >  50088 [SYN, ACK] Seq=0 Ack=1 Win=65535 Len=0 MSS=65495 WS=256 SACK_PERM"
"449","103.652037","127.0.0.1","127.0.0.1","TCP","44","50088  >  5000 [ACK] Seq=1 Ack=1 Win=65280 Len=0"
"450","103.652099","127.0.0.1","127.0.0.1","HTTP","189","GET / HTTP/1.1 "
"451","103.652116","127.0.0.1","127.0.0.1","TCP","44","5000  >  50088 [ACK] Seq=1 Ack=146 Win=65280 Len=0"
"452","104.819498","127.0.0.1","127.0.0.1","TCP","217","5000  >  50088 [PSH, ACK] Seq=1 Ack=146 Win=65280 Len=173 [TCP PDU reassembled in 454]"
"453","104.819534","127.0.0.1","127.0.0.1","TCP","44","50088  >  5000 [ACK] Seq=146 Ack=174 Win=65280 Len=0"
"454","104.819558","127.0.0.1","127.0.0.1","HTTP","62","HTTP/1.0 200 OK  (text/html)"
"455","104.819568","127.0.0.1","127.0.0.1","TCP","44","50088  >  5000 [ACK] Seq=146 Ack=192 Win=65280 Len=0"
"456","104.819932","127.0.0.1","127.0.0.1","TCP","44","50088  >  5000 [FIN, ACK] Seq=146 Ack=192 Win=65280 Len=0"
"457","104.819964","127.0.0.1","127.0.0.1","TCP","44","5000  >  50088 [ACK] Seq=192 Ack=147 Win=65280 Len=0"
"458","104.821444","127.0.0.1","127.0.0.1","TCP","44","5000  >  50088 [FIN, ACK] Seq=192 Ack=147 Win=65280 Len=0"
"459","104.821468","127.0.0.1","127.0.0.1","TCP","44","50088  >  5000 [ACK] Seq=147 Ack=193 Win=65280 Len=0"
"468","105.438272","127.0.0.1","127.0.0.1","TCP","56","50089  >  5000 [SYN] Seq=0 Win=65535 Len=0 MSS=65495 WS=256 SACK_PERM"
"469","105.438334","127.0.0.1","127.0.0.1","TCP","56","5000  >  50089 [SYN, ACK] Seq=0 Ack=1 Win=65535 Len=0 MSS=65495 WS=256 SACK_PERM"
"470","105.438369","127.0.0.1","127.0.0.1","TCP","44","50089  >  5000 [ACK] Seq=1 Ack=1 Win=65280 Len=0"
"471","105.438431","127.0.0.1","127.0.0.1","HTTP","189","GET / HTTP/1.1 "
"472","105.438447","127.0.0.1","127.0.0.1","TCP","44","5000  >  50089 [ACK] Seq=1 Ack=146 Win=65280 Len=0"
"473","106.498625","127.0.0.1","127.0.0.1","TCP","217","5000  >  50089 [PSH, ACK] Seq=1 Ack=146 Win=65280 Len=173 [TCP PDU reassembled in 475]"
"474","106.498667","127.0.0.1","127.0.0.1","TCP","44","50089  >  5000 [ACK] Seq=146 Ack=174 Win=65280 Len=0"
"475","106.498708","127.0.0.1","127.0.0.1","HTTP","62","HTTP/1.0 200 OK  (text/html)"
"476","106.498718","127.0.0.1","127.0.0.1","TCP","44","50089  >  5000 [ACK] Seq=146 Ack=192 Win=65280 Len=0"
"477","106.499050","127.0.0.1","127.0.0.1","TCP","44","50089  >  5000 [FIN, ACK] Seq=146 Ack=192 Win=65280 Len=0"
"478","106.499083","127.0.0.1","127.0.0.1","TCP","44","5000  >  50089 [ACK] Seq=192 Ack=147 Win=65280 Len=0"
"479","106.500525","127.0.0.1","127.0.0.1","TCP","44","5000  >  50089 [FIN, ACK] Seq=192 Ack=147 Win=65280 Len=0"
"480","106.500550","127.0.0.1","127.0.0.1","TCP","44","50089  >  5000 [ACK] Seq=147 Ack=193 Win=65280 Len=0"
"484","108.801080","127.0.0.1","127.0.0.1","TCP","56","50090  >  5000 [SYN] Seq=0 Win=65535 Len=0 MSS=65495 WS=256 SACK_PERM"
"485","108.801165","127.0.0.1","127.0.0.1","TCP","56","5000  >  50090 [SYN, ACK] Seq=0 Ack=1 Win=65535 Len=0 MSS=65495 WS=256 SACK_PERM"
"486","108.801198","127.0.0.1","127.0.0.1","TCP","44","50090  >  5000 [ACK] Seq=1 Ack=1 Win=65280 Len=0"
"487","108.801260","127.0.0.1","127.0.0.1","HTTP","189","GET / HTTP/1.1 "
"488","108.801276","127.0.0.1","127.0.0.1","TCP","44","5000  >  50090 [ACK] Seq=1 Ack=146 Win=65280 Len=0"
"489","110.043304","127.0.0.1","127.0.0.1","TCP","217","5000  >  50090 [PSH, ACK] Seq=1 Ack=146 Win=65280 Len=173 [TCP PDU reassembled in 491]"
"490","110.043338","127.0.0.1","127.0.0.1","TCP","44","50090  >  5000 [ACK] Seq=146 Ack=174 Win=65280 Len=0"
"491","110.043386","127.0.0.1","127.0.0.1","HTTP","62","HTTP/1.0 200 OK  (text/html)"
"492","110.043401","127.0.0.1","127.0.0.1","TCP","44","50090  >  5000 [ACK] Seq=146 Ack=192 Win=65280 Len=0"
"493","110.043769","127.0.0.1","127.0.0.1","TCP","44","50090  >  5000 [FIN, ACK] Seq=146 Ack=192 Win=65280 Len=0"
"494","110.043800","127.0.0.1","127.0.0.1","TCP","44","5000  >  50090 [ACK] Seq=192 Ack=147 Win=65280 Len=0"
"495","110.045211","127.0.0.1","127.0.0.1","TCP","44","5000  >  50090 [FIN, ACK] Seq=192 Ack=147 Win=65280 Len=0"
"496","110.045235","127.0.0.1","127.0.0.1","TCP","44","50090  >  5000 [ACK] Seq=147 Ack=193 Win=65280 Len=0"
"497","110.492987","127.0.0.1","127.0.0.1","TCP","56","50092  >  5000 [SYN] Seq=0 Win=65535 Len=0 MSS=65495 WS=256 SACK_PERM"
"498","110.493056","127.0.0.1","127.0.0.1","TCP","56","5000  >  50092 [SYN, ACK] Seq=0 Ack=1 Win=65535 Len=0 MSS=65495 WS=256 SACK_PERM"
"499","110.493091","127.0.0.1","127.0.0.1","TCP","44","50092  >  5000 [ACK] Seq=1 Ack=1 Win=65280 Len=0"
"500","110.493156","127.0.0.1","127.0.0.1","HTTP","189","GET / HTTP/1.1 "
"501","110.493172","127.0.0.1","127.0.0.1","TCP","44","5000  >  50092 [ACK] Seq=1 Ack=146 Win=65280 Len=0"
"506","111.580674","127.0.0.1","127.0.0.1","TCP","217","5000  >  50092 [PSH, ACK] Seq=1 Ack=146 Win=65280 Len=173 [TCP PDU reassembled in 508]"
"507","111.580698","127.0.0.1","127.0.0.1","TCP","44","50092  >  5000 [ACK] Seq=146 Ack=174 Win=65280 Len=0"
"508","111.580718","127.0.0.1","127.0.0.1","HTTP","62","HTTP/1.0 200 OK  (text/html)"
"509","111.580729","127.0.0.1","127.0.0.1","TCP","44","50092  >  5000 [ACK] Seq=146 Ack=192 Win=65280 Len=0"
"510","111.581193","127.0.0.1","127.0.0.1","TCP","44","50092  >  5000 [FIN, ACK] Seq=146 Ack=192 Win=65280 Len=0"
"511","111.581230","127.0.0.1","127.0.0.1","TCP","44","5000  >  50092 [ACK] Seq=192 Ack=147 Win=65280 Len=0"
"512","111.582660","127.0.0.1","127.0.0.1","TCP","44","5000  >  50092 [FIN, ACK] Seq=192 Ack=147 Win=65280 Len=0"
"513","111.582685","127.0.0.1","127.0.0.1","TCP","44","50092  >  5000 [ACK] Seq=147 Ack=193 Win=65280 Len=0"
"514","112.461814","127.0.0.1","127.0.0.1","TCP","56","50093  >  5000 [SYN] Seq=0 Win=65535 Len=0 MSS=65495 WS=256 SACK_PERM"
"515","112.461876","127.0.0.1","127.0.0.1","TCP","56","5000  >  50093 [SYN, ACK] Seq=0 Ack=1 Win=65535 Len=0 MSS=65495 WS=256 SACK_PERM"
"516","112.461911","127.0.0.1","127.0.0.1","TCP","44","50093  >  5000 [ACK] Seq=1 Ack=1 Win=65280 Len=0"
"517","112.461980","127.0.0.1","127.0.0.1","HTTP","189","GET / HTTP/1.1 "
"518","112.462000","127.0.0.1","127.0.0.1","TCP","44","5000  >  50093 [ACK] Seq=1 Ack=146 Win=65280 Len=0"
"519","113.534061","127.0.0.1","127.0.0.1","TCP","217","5000  >  50093 [PSH, ACK] Seq=1 Ack=146 Win=65280 Len=173 [TCP PDU reassembled in 521]"
"520","113.534096","127.0.0.1","127.0.0.1","TCP","44","50093  >  5000 [ACK] Seq=146 Ack=174 Win=65280 Len=0"
"521","113.534122","127.0.0.1","127.0.0.1","HTTP","62","HTTP/1.0 200 OK  (text/html)"
"522","113.534132","127.0.0.1","127.0.0.1","TCP","44","50093  >  5000 [ACK] Seq=146 Ack=192 Win=65280 Len=0"
"523","113.534523","127.0.0.1","127.0.0.1","TCP","44","50093  >  5000 [FIN, ACK] Seq=146 Ack=192 Win=65280 Len=0"
"524","113.534560","127.0.0.1","127.0.0.1","TCP","44","5000  >  50093 [ACK] Seq=192 Ack=147 Win=65280 Len=0"
"525","113.536034","127.0.0.1","127.0.0.1","TCP","44","5000  >  50093 [FIN, ACK] Seq=192 Ack=147 Win=65280 Len=0"
"526","113.536059","127.0.0.1","127.0.0.1","TCP","44","50093  >  5000 [ACK] Seq=147 Ack=193 Win=65280 Len=0"
"527","114.002922","127.0.0.1","127.0.0.1","TCP","56","50094  >  5000 [SYN] Seq=0 Win=65535 Len=0 MSS=65495 WS=256 SACK_PERM"
"528","114.002997","127.0.0.1","127.0.0.1","TCP","56","5000  >  50094 [SYN, ACK] Seq=0 Ack=1 Win=65535 Len=0 MSS=65495 WS=256 SACK_PERM"
"529","114.003032","127.0.0.1","127.0.0.1","TCP","44","50094  >  5000 [ACK] Seq=1 Ack=1 Win=65280 Len=0"
"530","114.003099","127.0.0.1","127.0.0.1","HTTP","189","GET / HTTP/1.1 "
"531","114.003121","127.0.0.1","127.0.0.1","TCP","44","5000  >  50094 [ACK] Seq=1 Ack=146 Win=65280 Len=0"
"532","115.345807","127.0.0.1","127.0.0.1","TCP","217","5000  >  50094 [PSH, ACK] Seq=1 Ack=146 Win=65280 Len=173 [TCP PDU reassembled in 534]"
"533","115.345856","127.0.0.1","127.0.0.1","TCP","44","50094  >  5000 [ACK] Seq=146 Ack=174 Win=65280 Len=0"
"534","115.345905","127.0.0.1","127.0.0.1","HTTP","62","HTTP/1.0 200 OK  (text/html)"
"535","115.345919","127.0.0.1","127.0.0.1","TCP","44","50094  >  5000 [ACK] Seq=146 Ack=192 Win=65280 Len=0"
"536","115.346310","127.0.0.1","127.0.0.1","TCP","44","50094  >  5000 [FIN, ACK] Seq=146 Ack=192 Win=65280 Len=0"
"537","115.346354","127.0.0.1","127.0.0.1","TCP","44","5000  >  50094 [ACK] Seq=192 Ack=147 Win=65280 Len=0"
"538","115.347870","127.0.0.1","127.0.0.1","TCP","44","5000  >  50094 [FIN, ACK] Seq=192 Ack=147 Win=65280 Len=0"
"539","115.347898","127.0.0.1","127.0.0.1","TCP","44","50094  >  5000 [ACK] Seq=147 Ack=193 Win=65280 Len=0"
"540","115.651798","127.0.0.1","127.0.0.1","TCP","56","50095  >  5000 [SYN] Seq=0 Win=65535 Len=0 MSS=65495 WS=256 SACK_PERM"
"541","115.651862","127.0.0.1","127.0.0.1","TCP","56","5000  >  50095 [SYN, ACK] Seq=0 Ack=1 Win=65535 Len=0 MSS=65495 WS=256 SACK_PERM"
"542","115.651903","127.0.0.1","127.0.0.1","TCP","44","50095  >  5000 [ACK] Seq=1 Ack=1 Win=65280 Len=0"
"543","115.651964","127.0.0.1","127.0.0.1","HTTP","189","GET / HTTP/1.1 "
"544","115.651982","127.0.0.1","127.0.0.1","TCP","44","5000  >  50095 [ACK] Seq=1 Ack=146 Win=65280 Len=0"
"545","116.819110","127.0.0.1","127.0.0.1","TCP","217","5000  >  50095 [PSH, ACK] Seq=1 Ack=146 Win=65280 Len=173 [TCP PDU reassembled in 547]"
"546","116.819145","127.0.0.1","127.0.0.1","TCP","44","50095  >  5000 [ACK] Seq=146 Ack=174 Win=65280 Len=0"
"547","116.819171","127.0.0.1","127.0.0.1","HTTP","62","HTTP/1.0 200 OK  (text/html)"
"548","116.819182","127.0.0.1","127.0.0.1","TCP","44","50095  >  5000 [ACK] Seq=146 Ack=192 Win=65280 Len=0"
"549","116.819548","127.0.0.1","127.0.0.1","TCP","44","50095  >  5000 [FIN, ACK] Seq=146 Ack=192 Win=65280 Len=0"
"550","116.819590","127.0.0.1","127.0.0.1","TCP","44","5000  >  50095 [ACK] Seq=192 Ack=147 Win=65280 Len=0"
"551","116.820974","127.0.0.1","127.0.0.1","TCP","44","5000  >  50095 [FIN, ACK] Seq=192 Ack=147 Win=65280 Len=0"
"552","116.820999","127.0.0.1","127.0.0.1","TCP","44","50095  >  5000 [ACK] Seq=147 Ack=193 Win=65280 Len=0"
"553","117.783294","127.0.0.1","127.0.0.1","TCP","56","50096  >  5000 [SYN] Seq=0 Win=65535 Len=0 MSS=65495 WS=256 SACK_PERM"
"554","117.783358","127.0.0.1","127.0.0.1","TCP","56","5000  >  50096 [SYN, ACK] Seq=0 Ack=1 Win=65535 Len=0 MSS=65495 WS=256 SACK_PERM"
"555","117.783394","127.0.0.1","127.0.0.1","TCP","44","50096  >  5000 [ACK] Seq=1 Ack=1 Win=65280 Len=0"
"556","117.783457","127.0.0.1","127.0.0.1","HTTP","189","GET / HTTP/1.1 "
"557","117.783476","127.0.0.1","127.0.0.1","TCP","44","5000  >  50096 [ACK] Seq=1 Ack=146 Win=65280 Len=0"
"558","119.016882","127.0.0.1","127.0.0.1","TCP","217","5000  >  50096 [PSH, ACK] Seq=1 Ack=146 Win=65280 Len=173 [TCP PDU reassembled in 560]"
"559","119.016914","127.0.0.1","127.0.0.1","TCP","44","50096  >  5000 [ACK] Seq=146 Ack=174 Win=65280 Len=0"
"560","119.016937","127.0.0.1","127.0.0.1","HTTP","62","HTTP/1.0 200 OK  (text/html)"
"561","119.016947","127.0.0.1","127.0.0.1","TCP","44","50096  >  5000 [ACK] Seq=146 Ack=192 Win=65280 Len=0"
"562","119.017323","127.0.0.1","127.0.0.1","TCP","44","50096  >  5000 [FIN, ACK] Seq=146 Ack=192 Win=65280 Len=0"
"563","119.017355","127.0.0.1","127.0.0.1","TCP","44","5000  >  50096 [ACK] Seq=192 Ack=147 Win=65280 Len=0"
"564","119.018769","127.0.0.1","127.0.0.1","TCP","44","5000  >  50096 [FIN, ACK] Seq=192 Ack=147 Win=65280 Len=0"
"565","119.018793","127.0.0.1","127.0.0.1","TCP","44","50096  >  5000 [ACK] Seq=147 Ack=193 Win=65280 Len=0"
"566","119.514173","127.0.0.1","127.0.0.1","TCP","56","50098  >  5000 [SYN] Seq=0 Win=65535 Len=0 MSS=65495 WS=256 SACK_PERM"
"567","119.514234","127.0.0.1","127.0.0.1","TCP","56","5000  >  50098 [SYN, ACK] Seq=0 Ack=1 Win=65535 Len=0 MSS=65495 WS=256 SACK_PERM"
"568","119.514267","127.0.0.1","127.0.0.1","TCP","44","50098  >  5000 [ACK] Seq=1 Ack=1 Win=65280 Len=0"
"569","119.514332","127.0.0.1","127.0.0.1","HTTP","189","GET / HTTP/1.1 "
"570","119.514348","127.0.0.1","127.0.0.1","TCP","44","5000  >  50098 [ACK] Seq=1 Ack=146 Win=65280 Len=0"
"573","120.612531","127.0.0.1","127.0.0.1","TCP","217","5000  >  50098 [PSH, ACK] Seq=1 Ack=146 Win=65280 Len=173 [TCP PDU reassembled in 575]"
"574","120.612576","127.0.0.1","127.0.0.1","TCP","44","50098  >  5000 [ACK] Seq=146 Ack=174 Win=65280 Len=0"
"575","120.612601","127.0.0.1","127.0.0.1","HTTP","62","HTTP/1.0 200 OK  (text/html)"
"576","120.612611","127.0.0.1","127.0.0.1","TCP","44","50098  >  5000 [ACK] Seq=146 Ack=192 Win=65280 Len=0"
"577","120.612970","127.0.0.1","127.0.0.1","TCP","44","50098  >  5000 [FIN, ACK] Seq=146 Ack=192 Win=65280 Len=0"
"578","120.613003","127.0.0.1","127.0.0.1","TCP","44","5000  >  50098 [ACK] Seq=192 Ack=147 Win=65280 Len=0"
"579","120.614417","127.0.0.1","127.0.0.1","TCP","44","5000  >  50098 [FIN, ACK] Seq=192 Ack=147 Win=65280 Len=0"
"580","120.614442","127.0.0.1","127.0.0.1","TCP","44","50098  >  5000 [ACK] Seq=147 Ack=193 Win=65280 Len=0"
"582","120.986226","127.0.0.1","127.0.0.1","TCP","56","50099  >  5000 [SYN] Seq=0 Win=65535 Len=0 MSS=65495 WS=256 SACK_PERM"
"583","120.986288","127.0.0.1","127.0.0.1","TCP","56","5000  >  50099 [SYN, ACK] Seq=0 Ack=1 Win=65535 Len=0 MSS=65495 WS=256 SACK_PERM"
"584","120.986323","127.0.0.1","127.0.0.1","TCP","44","50099  >  5000 [ACK] Seq=1 Ack=1 Win=65280 Len=0"
"585","120.986385","127.0.0.1","127.0.0.1","HTTP","189","GET / HTTP/1.1 "
"586","120.986404","127.0.0.1","127.0.0.1","TCP","44","5000  >  50099 [ACK] Seq=1 Ack=146 Win=65280 Len=0"
"591","122.320856","127.0.0.1","127.0.0.1","TCP","217","5000  >  50099 [PSH, ACK] Seq=1 Ack=146 Win=65280 Len=173 [TCP PDU reassembled in 593]"
"592","122.320935","127.0.0.1","127.0.0.1","TCP","44","50099  >  5000 [ACK] Seq=146 Ack=174 Win=65280 Len=0"
"593","122.320973","127.0.0.1","127.0.0.1","HTTP","62","HTTP/1.0 200 OK  (text/html)"
"594","122.320989","127.0.0.1","127.0.0.1","TCP","44","50099  >  5000 [ACK] Seq=146 Ack=192 Win=65280 Len=0"
"595","122.321470","127.0.0.1","127.0.0.1","TCP","44","50099  >  5000 [FIN, ACK] Seq=146 Ack=192 Win=65280 Len=0"
"596","122.321503","127.0.0.1","127.0.0.1","TCP","44","5000  >  50099 [ACK] Seq=192 Ack=147 Win=65280 Len=0"
"597","122.323022","127.0.0.1","127.0.0.1","TCP","44","5000  >  50099 [FIN, ACK] Seq=192 Ack=147 Win=65280 Len=0"
"598","122.323058","127.0.0.1","127.0.0.1","TCP","44","50099  >  5000 [ACK] Seq=147 Ack=193 Win=65280 Len=0"
"599","123.987479","127.0.0.1","127.0.0.1","TCP","56","50101  >  5000 [SYN] Seq=0 Win=65535 Len=0 MSS=65495 WS=256 SACK_PERM"
"600","123.987541","127.0.0.1","127.0.0.1","TCP","56","5000  >  50101 [SYN, ACK] Seq=0 Ack=1 Win=65535 Len=0 MSS=65495 WS=256 SACK_PERM"
"601","123.987575","127.0.0.1","127.0.0.1","TCP","44","50101  >  5000 [ACK] Seq=1 Ack=1 Win=65280 Len=0"
"602","123.987647","127.0.0.1","127.0.0.1","HTTP","189","GET / HTTP/1.1 "
"603","123.987664","127.0.0.1","127.0.0.1","TCP","44","5000  >  50101 [ACK] Seq=1 Ack=146 Win=65280 Len=0"
"611","125.323328","127.0.0.1","127.0.0.1","TCP","217","5000  >  50101 [PSH, ACK] Seq=1 Ack=146 Win=65280 Len=173 [TCP PDU reassembled in 613]"
"612","125.323383","127.0.0.1","127.0.0.1","TCP","44","50101  >  5000 [ACK] Seq=146 Ack=174 Win=65280 Len=0"
"613","125.323412","127.0.0.1","127.0.0.1","HTTP","62","HTTP/1.0 200 OK  (text/html)"
"614","125.323424","127.0.0.1","127.0.0.1","TCP","44","50101  >  5000 [ACK] Seq=146 Ack=192 Win=65280 Len=0"
"615","125.323916","127.0.0.1","127.0.0.1","TCP","44","50101  >  5000 [FIN, ACK] Seq=146 Ack=192 Win=65280 Len=0"
"616","125.323956","127.0.0.1","127.0.0.1","TCP","44","5000  >  50101 [ACK] Seq=192 Ack=147 Win=65280 Len=0"
"617","125.325399","127.0.0.1","127.0.0.1","TCP","44","5000  >  50101 [FIN, ACK] Seq=192 Ack=147 Win=65280 Len=0"
"618","125.325425","127.0.0.1","127.0.0.1","TCP","44","50101  >  5000 [ACK] Seq=147 Ack=193 Win=65280 Len=0"
"619","125.739587","127.0.0.1","127.0.0.1","TCP","56","50102  >  5000 [SYN] Seq=0 Win=65535 Len=0 MSS=65495 WS=256 SACK_PERM"
"620","125.739649","127.0.0.1","127.0.0.1","TCP","56","5000  >  50102 [SYN, ACK] Seq=0 Ack=1 Win=65535 Len=0 MSS=65495 WS=256 SACK_PERM"
"621","125.739683","127.0.0.1","127.0.0.1","TCP","44","50102  >  5000 [ACK] Seq=1 Ack=1 Win=65280 Len=0"
"622","125.739745","127.0.0.1","127.0.0.1","HTTP","189","GET / HTTP/1.1 "
"623","125.739763","127.0.0.1","127.0.0.1","TCP","44","5000  >  50102 [ACK] Seq=1 Ack=146 Win=65280 Len=0"
"624","126.950659","127.0.0.1","127.0.0.1","TCP","217","5000  >  50102 [PSH, ACK] Seq=1 Ack=146 Win=65280 Len=173 [TCP PDU reassembled in 626]"
"625","126.950702","127.0.0.1","127.0.0.1","TCP","44","50102  >  5000 [ACK] Seq=146 Ack=174 Win=65280 Len=0"
"626","126.950727","127.0.0.1","127.0.0.1","HTTP","62","HTTP/1.0 200 OK  (text/html)"
"627","126.950737","127.0.0.1","127.0.0.1","TCP","44","50102  >  5000 [ACK] Seq=146 Ack=192 Win=65280 Len=0"
"628","126.951146","127.0.0.1","127.0.0.1","TCP","44","50102  >  5000 [FIN, ACK] Seq=146 Ack=192 Win=65280 Len=0"
"629","126.951178","127.0.0.1","127.0.0.1","TCP","44","5000  >  50102 [ACK] Seq=192 Ack=147 Win=65280 Len=0"
"630","126.952636","127.0.0.1","127.0.0.1","TCP","44","5000  >  50102 [FIN, ACK] Seq=192 Ack=147 Win=65280 Len=0"
"631","126.952661","127.0.0.1","127.0.0.1","TCP","44","50102  >  5000 [ACK] Seq=147 Ack=193 Win=65280 Len=0"
"632","127.276496","127.0.0.1","127.0.0.1","TCP","56","50103  >  5000 [SYN] Seq=0 Win=65535 Len=0 MSS=65495 WS=256 SACK_PERM"
"633","127.276559","127.0.0.1","127.0.0.1","TCP","56","5000  >  50103 [SYN, ACK] Seq=0 Ack=1 Win=65535 Len=0 MSS=65495 WS=256 SACK_PERM"
"634","127.276594","127.0.0.1","127.0.0.1","TCP","44","50103  >  5000 [ACK] Seq=1 Ack=1 Win=65280 Len=0"
"635","127.276665","127.0.0.1","127.0.0.1","HTTP","189","GET / HTTP/1.1 "
"636","127.276684","127.0.0.1","127.0.0.1","TCP","44","5000  >  50103 [ACK] Seq=1 Ack=146 Win=65280 Len=0"
"637","128.755963","127.0.0.1","127.0.0.1","TCP","217","5000  >  50103 [PSH, ACK] Seq=1 Ack=146 Win=65280 Len=173 [TCP PDU reassembled in 639]"
"638","128.756006","127.0.0.1","127.0.0.1","TCP","44","50103  >  5000 [ACK] Seq=146 Ack=174 Win=65280 Len=0"
"639","128.756032","127.0.0.1","127.0.0.1","HTTP","62","HTTP/1.0 200 OK  (text/html)"
"640","128.756044","127.0.0.1","127.0.0.1","TCP","44","50103  >  5000 [ACK] Seq=146 Ack=192 Win=65280 Len=0"
"641","128.756381","127.0.0.1","127.0.0.1","TCP","44","50103  >  5000 [FIN, ACK] Seq=146 Ack=192 Win=65280 Len=0"
"642","128.756404","127.0.0.1","127.0.0.1","TCP","44","5000  >  50103 [ACK] Seq=192 Ack=147 Win=65280 Len=0"
"643","128.758233","127.0.0.1","127.0.0.1","TCP","44","5000  >  50103 [FIN, ACK] Seq=192 Ack=147 Win=65280 Len=0"
"644","128.758282","127.0.0.1","127.0.0.1","TCP","44","50103  >  5000 [ACK] Seq=147 Ack=193 Win=65280 Len=0"
"649","131.722063","127.0.0.1","127.0.0.1","TCP","56","50104  >  5000 [SYN] Seq=0 Win=65535 Len=0 MSS=65495 WS=256 SACK_PERM"
"650","131.722125","127.0.0.1","127.0.0.1","TCP","56","5000  >  50104 [SYN, ACK] Seq=0 Ack=1 Win=65535 Len=0 MSS=65495 WS=256 SACK_PERM"
"651","131.722158","127.0.0.1","127.0.0.1","TCP","44","50104  >  5000 [ACK] Seq=1 Ack=1 Win=65280 Len=0"
"652","131.722224","127.0.0.1","127.0.0.1","HTTP","189","GET / HTTP/1.1 "
"653","131.722241","127.0.0.1","127.0.0.1","TCP","44","5000  >  50104 [ACK] Seq=1 Ack=146 Win=65280 Len=0"
"654","132.924694","127.0.0.1","127.0.0.1","TCP","217","5000  >  50104 [PSH, ACK] Seq=1 Ack=146 Win=65280 Len=173 [TCP PDU reassembled in 656]"
"655","132.924738","127.0.0.1","127.0.0.1","TCP","44","50104  >  5000 [ACK] Seq=146 Ack=174 Win=65280 Len=0"
"656","132.924764","127.0.0.1","127.0.0.1","HTTP","62","HTTP/1.0 200 OK  (text/html)"
"657","132.924775","127.0.0.1","127.0.0.1","TCP","44","50104  >  5000 [ACK] Seq=146 Ack=192 Win=65280 Len=0"
"658","132.925176","127.0.0.1","127.0.0.1","TCP","44","50104  >  5000 [FIN, ACK] Seq=146 Ack=192 Win=65280 Len=0"
"659","132.925207","127.0.0.1","127.0.0.1","TCP","44","5000  >  50104 [ACK] Seq=192 Ack=147 Win=65280 Len=0"
"660","132.926633","127.0.0.1","127.0.0.1","TCP","44","5000  >  50104 [FIN, ACK] Seq=192 Ack=147 Win=65280 Len=0"
"661","132.926672","127.0.0.1","127.0.0.1","TCP","44","50104  >  5000 [ACK] Seq=147 Ack=193 Win=65280 Len=0"
"663","137.452709","127.0.0.1","127.0.0.1","TCP","56","62765  >  5000 [SYN] Seq=0 Win=65535 Len=0 MSS=65495 WS=256 SACK_PERM"
"664","137.452777","127.0.0.1","127.0.0.1","TCP","56","5000  >  62765 [SYN, ACK] Seq=0 Ack=1 Win=65535 Len=0 MSS=65495 WS=256 SACK_PERM"
"665","137.452815","127.0.0.1","127.0.0.1","TCP","44","62765  >  5000 [ACK] Seq=1 Ack=1 Win=65280 Len=0"
"666","137.452878","127.0.0.1","127.0.0.1","HTTP","189","GET / HTTP/1.1 "
"667","137.452894","127.0.0.1","127.0.0.1","TCP","44","5000  >  62765 [ACK] Seq=1 Ack=146 Win=65280 Len=0"
"668","138.520707","127.0.0.1","127.0.0.1","TCP","217","5000  >  62765 [PSH, ACK] Seq=1 Ack=146 Win=65280 Len=173 [TCP PDU reassembled in 670]"
"669","138.520752","127.0.0.1","127.0.0.1","TCP","44","62765  >  5000 [ACK] Seq=146 Ack=174 Win=65280 Len=0"
"670","138.520784","127.0.0.1","127.0.0.1","HTTP","62","HTTP/1.0 200 OK  (text/html)"
"671","138.520794","127.0.0.1","127.0.0.1","TCP","44","62765  >  5000 [ACK] Seq=146 Ack=192 Win=65280 Len=0"
"672","138.521180","127.0.0.1","127.0.0.1","TCP","44","62765  >  5000 [FIN, ACK] Seq=146 Ack=192 Win=65280 Len=0"
"673","138.521212","127.0.0.1","127.0.0.1","TCP","44","5000  >  62765 [ACK] Seq=192 Ack=147 Win=65280 Len=0"
"674","138.522570","127.0.0.1","127.0.0.1","TCP","44","5000  >  62765 [FIN, ACK] Seq=192 Ack=147 Win=65280 Len=0"
"675","138.522596","127.0.0.1","127.0.0.1","TCP","44","62765  >  5000 [ACK] Seq=147 Ack=193 Win=65280 Len=0"
"680","141.602274","127.0.0.1","127.0.0.1","TCP","56","62766  >  5000 [SYN] Seq=0 Win=65535 Len=0 MSS=65495 WS=256 SACK_PERM"
"681","141.602336","127.0.0.1","127.0.0.1","TCP","56","5000  >  62766 [SYN, ACK] Seq=0 Ack=1 Win=65535 Len=0 MSS=65495 WS=256 SACK_PERM"
"682","141.602370","127.0.0.1","127.0.0.1","TCP","44","62766  >  5000 [ACK] Seq=1 Ack=1 Win=65280 Len=0"
"683","141.602441","127.0.0.1","127.0.0.1","HTTP","189","GET / HTTP/1.1 "
"684","141.602462","127.0.0.1","127.0.0.1","TCP","44","5000  >  62766 [ACK] Seq=1 Ack=146 Win=65280 Len=0"
"685","142.745364","127.0.0.1","127.0.0.1","TCP","217","5000  >  62766 [PSH, ACK] Seq=1 Ack=146 Win=65280 Len=173 [TCP PDU reassembled in 687]"
"686","142.745400","127.0.0.1","127.0.0.1","TCP","44","62766  >  5000 [ACK] Seq=146 Ack=174 Win=65280 Len=0"
"687","142.745423","127.0.0.1","127.0.0.1","HTTP","62","HTTP/1.0 200 OK  (text/html)"
"688","142.745433","127.0.0.1","127.0.0.1","TCP","44","62766  >  5000 [ACK] Seq=146 Ack=192 Win=65280 Len=0"
"689","142.745858","127.0.0.1","127.0.0.1","TCP","44","62766  >  5000 [FIN, ACK] Seq=146 Ack=192 Win=65280 Len=0"
"690","142.745894","127.0.0.1","127.0.0.1","TCP","44","5000  >  62766 [ACK] Seq=192 Ack=147 Win=65280 Len=0"
"691","142.747197","127.0.0.1","127.0.0.1","TCP","44","5000  >  62766 [FIN, ACK] Seq=192 Ack=147 Win=65280 Len=0"
"692","142.747256","127.0.0.1","127.0.0.1","TCP","44","62766  >  5000 [ACK] Seq=147 Ack=193 Win=65280 Len=0"
"693","143.924495","127.0.0.1","127.0.0.1","TCP","56","62767  >  5000 [SYN] Seq=0 Win=65535 Len=0 MSS=65495 WS=256 SACK_PERM"
"694","143.924560","127.0.0.1","127.0.0.1","TCP","56","5000  >  62767 [SYN, ACK] Seq=0 Ack=1 Win=65535 Len=0 MSS=65495 WS=256 SACK_PERM"
"695","143.924594","127.0.0.1","127.0.0.1","TCP","44","62767  >  5000 [ACK] Seq=1 Ack=1 Win=65280 Len=0"
"696","143.924653","127.0.0.1","127.0.0.1","HTTP","189","GET / HTTP/1.1 "
"697","143.924670","127.0.0.1","127.0.0.1","TCP","44","5000  >  62767 [ACK] Seq=1 Ack=146 Win=65280 Len=0"
"705","145.228350","127.0.0.1","127.0.0.1","TCP","217","5000  >  62767 [PSH, ACK] Seq=1 Ack=146 Win=65280 Len=173 [TCP PDU reassembled in 707]"
"706","145.228395","127.0.0.1","127.0.0.1","TCP","44","62767  >  5000 [ACK] Seq=146 Ack=174 Win=65280 Len=0"
"707","145.228421","127.0.0.1","127.0.0.1","HTTP","62","HTTP/1.0 200 OK  (text/html)"
"708","145.228432","127.0.0.1","127.0.0.1","TCP","44","62767  >  5000 [ACK] Seq=146 Ack=192 Win=65280 Len=0"
"709","145.228827","127.0.0.1","127.0.0.1","TCP","44","62767  >  5000 [FIN, ACK] Seq=146 Ack=192 Win=65280 Len=0"
"710","145.228861","127.0.0.1","127.0.0.1","TCP","44","5000  >  62767 [ACK] Seq=192 Ack=147 Win=65280 Len=0"
"711","145.229993","127.0.0.1","127.0.0.1","TCP","44","5000  >  62767 [FIN, ACK] Seq=192 Ack=147 Win=65280 Len=0"
"712","145.230019","127.0.0.1","127.0.0.1","TCP","44","62767  >  5000 [ACK] Seq=147 Ack=193 Win=65280 Len=0"
"713","147.388602","127.0.0.1","127.0.0.1","TCP","56","62768  >  5000 [SYN] Seq=0 Win=65535 Len=0 MSS=65495 WS=256 SACK_PERM"
"714","147.388668","127.0.0.1","127.0.0.1","TCP","56","5000  >  62768 [SYN, ACK] Seq=0 Ack=1 Win=65535 Len=0 MSS=65495 WS=256 SACK_PERM"
"715","147.388703","127.0.0.1","127.0.0.1","TCP","44","62768  >  5000 [ACK] Seq=1 Ack=1 Win=65280 Len=0"
"716","147.388764","127.0.0.1","127.0.0.1","HTTP","189","GET / HTTP/1.1 "
"717","147.388782","127.0.0.1","127.0.0.1","TCP","44","5000  >  62768 [ACK] Seq=1 Ack=146 Win=65280 Len=0"
"718","148.424370","127.0.0.1","127.0.0.1","TCP","217","5000  >  62768 [PSH, ACK] Seq=1 Ack=146 Win=65280 Len=173 [TCP PDU reassembled in 720]"
"719","148.424409","127.0.0.1","127.0.0.1","TCP","44","62768  >  5000 [ACK] Seq=146 Ack=174 Win=65280 Len=0"
"720","148.424433","127.0.0.1","127.0.0.1","HTTP","62","HTTP/1.0 200 OK  (text/html)"
"721","148.424444","127.0.0.1","127.0.0.1","TCP","44","62768  >  5000 [ACK] Seq=146 Ack=192 Win=65280 Len=0"
"722","148.424772","127.0.0.1","127.0.0.1","TCP","44","62768  >  5000 [FIN, ACK] Seq=146 Ack=192 Win=65280 Len=0"
"723","148.424794","127.0.0.1","127.0.0.1","TCP","44","5000  >  62768 [ACK] Seq=192 Ack=147 Win=65280 Len=0"
"724","148.426211","127.0.0.1","127.0.0.1","TCP","44","5000  >  62768 [FIN, ACK] Seq=192 Ack=147 Win=65280 Len=0"
"725","148.426236","127.0.0.1","127.0.0.1","TCP","44","62768  >  5000 [ACK] Seq=147 Ack=193 Win=65280 Len=0"
"726","148.991206","127.0.0.1","127.0.0.1","TCP","56","62769  >  5000 [SYN] Seq=0 Win=65535 Len=0 MSS=65495 WS=256 SACK_PERM"
"727","148.991267","127.0.0.1","127.0.0.1","TCP","56","5000  >  62769 [SYN, ACK] Seq=0 Ack=1 Win=65535 Len=0 MSS=65495 WS=256 SACK_PERM"
"728","148.991303","127.0.0.1","127.0.0.1","TCP","44","62769  >  5000 [ACK] Seq=1 Ack=1 Win=65280 Len=0"
"729","148.991364","127.0.0.1","127.0.0.1","HTTP","189","GET / HTTP/1.1 "
"730","148.991380","127.0.0.1","127.0.0.1","TCP","44","5000  >  62769 [ACK] Seq=1 Ack=146 Win=65280 Len=0"
"731","150.328474","127.0.0.1","127.0.0.1","TCP","217","5000  >  62769 [PSH, ACK] Seq=1 Ack=146 Win=65280 Len=173 [TCP PDU reassembled in 733]"
"732","150.328506","127.0.0.1","127.0.0.1","TCP","44","62769  >  5000 [ACK] Seq=146 Ack=174 Win=65280 Len=0"
"733","150.328529","127.0.0.1","127.0.0.1","HTTP","62","HTTP/1.0 200 OK  (text/html)"
"734","150.328539","127.0.0.1","127.0.0.1","TCP","44","62769  >  5000 [ACK] Seq=146 Ack=192 Win=65280 Len=0"
"735","150.328876","127.0.0.1","127.0.0.1","TCP","44","62769  >  5000 [FIN, ACK] Seq=146 Ack=192 Win=65280 Len=0"
"736","150.328898","127.0.0.1","127.0.0.1","TCP","44","5000  >  62769 [ACK] Seq=192 Ack=147 Win=65280 Len=0"
"737","150.330276","127.0.0.1","127.0.0.1","TCP","44","5000  >  62769 [FIN, ACK] Seq=192 Ack=147 Win=65280 Len=0"
"738","150.330299","127.0.0.1","127.0.0.1","TCP","44","62769  >  5000 [ACK] Seq=147 Ack=193 Win=65280 Len=0"
"739","151.156790","127.0.0.1","127.0.0.1","TCP","56","62770  >  5000 [SYN] Seq=0 Win=65535 Len=0 MSS=65495 WS=256 SACK_PERM"
"740","151.156862","127.0.0.1","127.0.0.1","TCP","56","5000  >  62770 [SYN, ACK] Seq=0 Ack=1 Win=65535 Len=0 MSS=65495 WS=256 SACK_PERM"
"741","151.156902","127.0.0.1","127.0.0.1","TCP","44","62770  >  5000 [ACK] Seq=1 Ack=1 Win=65280 Len=0"
"742","151.156963","127.0.0.1","127.0.0.1","HTTP","189","GET / HTTP/1.1 "
"743","151.156979","127.0.0.1","127.0.0.1","TCP","44","5000  >  62770 [ACK] Seq=1 Ack=146 Win=65280 Len=0"
"748","152.576628","127.0.0.1","127.0.0.1","TCP","217","5000  >  62770 [PSH, ACK] Seq=1 Ack=146 Win=65280 Len=173 [TCP PDU reassembled in 750]"
"749","152.576675","127.0.0.1","127.0.0.1","TCP","44","62770  >  5000 [ACK] Seq=146 Ack=174 Win=65280 Len=0"
"750","152.576704","127.0.0.1","127.0.0.1","HTTP","62","HTTP/1.0 200 OK  (text/html)"
"751","152.576719","127.0.0.1","127.0.0.1","TCP","44","62770  >  5000 [ACK] Seq=146 Ack=192 Win=65280 Len=0"
"752","152.577060","127.0.0.1","127.0.0.1","TCP","44","62770  >  5000 [FIN, ACK] Seq=146 Ack=192 Win=65280 Len=0"
"753","152.577091","127.0.0.1","127.0.0.1","TCP","44","5000  >  62770 [ACK] Seq=192 Ack=147 Win=65280 Len=0"
"754","152.578769","127.0.0.1","127.0.0.1","TCP","44","5000  >  62770 [FIN, ACK] Seq=192 Ack=147 Win=65280 Len=0"
"755","152.578805","127.0.0.1","127.0.0.1","TCP","44","62770  >  5000 [ACK] Seq=147 Ack=193 Win=65280 Len=0"
"756","155.399476","127.0.0.1","127.0.0.1","TCP","56","62771  >  5000 [SYN] Seq=0 Win=65535 Len=0 MSS=65495 WS=256 SACK_PERM"
"757","155.399539","127.0.0.1","127.0.0.1","TCP","56","5000  >  62771 [SYN, ACK] Seq=0 Ack=1 Win=65535 Len=0 MSS=65495 WS=256 SACK_PERM"
"758","155.399574","127.0.0.1","127.0.0.1","TCP","44","62771  >  5000 [ACK] Seq=1 Ack=1 Win=65280 Len=0"
"759","155.399646","127.0.0.1","127.0.0.1","HTTP","189","GET / HTTP/1.1 "
"760","155.399662","127.0.0.1","127.0.0.1","TCP","44","5000  >  62771 [ACK] Seq=1 Ack=146 Win=65280 Len=0"
"761","156.440459","127.0.0.1","127.0.0.1","TCP","217","5000  >  62771 [PSH, ACK] Seq=1 Ack=146 Win=65280 Len=173 [TCP PDU reassembled in 763]"
"762","156.440495","127.0.0.1","127.0.0.1","TCP","44","62771  >  5000 [ACK] Seq=146 Ack=174 Win=65280 Len=0"
"763","156.440518","127.0.0.1","127.0.0.1","HTTP","62","HTTP/1.0 200 OK  (text/html)"
"764","156.440528","127.0.0.1","127.0.0.1","TCP","44","62771  >  5000 [ACK] Seq=146 Ack=192 Win=65280 Len=0"
"765","156.440856","127.0.0.1","127.0.0.1","TCP","44","62771  >  5000 [FIN, ACK] Seq=146 Ack=192 Win=65280 Len=0"
"766","156.440878","127.0.0.1","127.0.0.1","TCP","44","5000  >  62771 [ACK] Seq=192 Ack=147 Win=65280 Len=0"
"767","156.443292","127.0.0.1","127.0.0.1","TCP","44","5000  >  62771 [FIN, ACK] Seq=192 Ack=147 Win=65280 Len=0"
"768","156.443318","127.0.0.1","127.0.0.1","TCP","44","62771  >  5000 [ACK] Seq=147 Ack=193 Win=65280 Len=0"
"769","158.211409","127.0.0.1","127.0.0.1","TCP","56","62772  >  5000 [SYN] Seq=0 Win=65535 Len=0 MSS=65495 WS=256 SACK_PERM"
"770","158.211488","127.0.0.1","127.0.0.1","TCP","56","5000  >  62772 [SYN, ACK] Seq=0 Ack=1 Win=65535 Len=0 MSS=65495 WS=256 SACK_PERM"
"771","158.211532","127.0.0.1","127.0.0.1","TCP","44","62772  >  5000 [ACK] Seq=1 Ack=1 Win=65280 Len=0"
"772","158.211609","127.0.0.1","127.0.0.1","HTTP","189","GET / HTTP/1.1 "
"773","158.211645","127.0.0.1","127.0.0.1","TCP","44","5000  >  62772 [ACK] Seq=1 Ack=146 Win=65280 Len=0"
"774","159.658678","127.0.0.1","127.0.0.1","TCP","217","5000  >  62772 [PSH, ACK] Seq=1 Ack=146 Win=65280 Len=173 [TCP PDU reassembled in 776]"
"775","159.658718","127.0.0.1","127.0.0.1","TCP","44","62772  >  5000 [ACK] Seq=146 Ack=174 Win=65280 Len=0"
"776","159.658745","127.0.0.1","127.0.0.1","HTTP","62","HTTP/1.0 200 OK  (text/html)"
"777","159.658756","127.0.0.1","127.0.0.1","TCP","44","62772  >  5000 [ACK] Seq=146 Ack=192 Win=65280 Len=0"
"778","159.659080","127.0.0.1","127.0.0.1","TCP","44","62772  >  5000 [FIN, ACK] Seq=146 Ack=192 Win=65280 Len=0"
"779","159.659107","127.0.0.1","127.0.0.1","TCP","44","5000  >  62772 [ACK] Seq=192 Ack=147 Win=65280 Len=0"
"780","159.661253","127.0.0.1","127.0.0.1","TCP","44","5000  >  62772 [FIN, ACK] Seq=192 Ack=147 Win=65280 Len=0"
"781","159.661277","127.0.0.1","127.0.0.1","TCP","44","62772  >  5000 [ACK] Seq=147 Ack=193 Win=65280 Len=0"
"797","168.561776","127.0.0.1","127.0.0.1","TCP","56","62773  >  5000 [SYN] Seq=0 Win=65535 Len=0 MSS=65495 WS=256 SACK_PERM"
"798","168.561912","127.0.0.1","127.0.0.1","TCP","56","5000  >  62773 [SYN, ACK] Seq=0 Ack=1 Win=65535 Len=0 MSS=65495 WS=256 SACK_PERM"
"799","168.561965","127.0.0.1","127.0.0.1","TCP","44","62773  >  5000 [ACK] Seq=1 Ack=1 Win=65280 Len=0"
"800","168.562036","127.0.0.1","127.0.0.1","HTTP","189","GET / HTTP/1.1 "
"801","168.562052","127.0.0.1","127.0.0.1","TCP","44","5000  >  62773 [ACK] Seq=1 Ack=146 Win=65280 Len=0"
"802","169.684829","127.0.0.1","127.0.0.1","TCP","217","5000  >  62773 [PSH, ACK] Seq=1 Ack=146 Win=65280 Len=173 [TCP PDU reassembled in 804]"
"803","169.684870","127.0.0.1","127.0.0.1","TCP","44","62773  >  5000 [ACK] Seq=146 Ack=174 Win=65280 Len=0"
"804","169.684897","127.0.0.1","127.0.0.1","HTTP","62","HTTP/1.0 200 OK  (text/html)"
"805","169.684907","127.0.0.1","127.0.0.1","TCP","44","62773  >  5000 [ACK] Seq=146 Ack=192 Win=65280 Len=0"
"806","169.685254","127.0.0.1","127.0.0.1","TCP","44","62773  >  5000 [FIN, ACK] Seq=146 Ack=192 Win=65280 Len=0"
"807","169.685286","127.0.0.1","127.0.0.1","TCP","44","5000  >  62773 [ACK] Seq=192 Ack=147 Win=65280 Len=0"
"808","169.686965","127.0.0.1","127.0.0.1","TCP","44","5000  >  62773 [FIN, ACK] Seq=192 Ack=147 Win=65280 Len=0"
"809","169.686990","127.0.0.1","127.0.0.1","TCP","44","62773  >  5000 [ACK] Seq=147 Ack=193 Win=65280 Len=0"
"810","170.747680","127.0.0.1","127.0.0.1","TCP","56","62774  >  5000 [SYN] Seq=0 Win=65535 Len=0 MSS=65495 WS=256 SACK_PERM"
"811","170.747748","127.0.0.1","127.0.0.1","TCP","56","5000  >  62774 [SYN, ACK] Seq=0 Ack=1 Win=65535 Len=0 MSS=65495 WS=256 SACK_PERM"
"812","170.747788","127.0.0.1","127.0.0.1","TCP","44","62774  >  5000 [ACK] Seq=1 Ack=1 Win=65280 Len=0"
"813","170.747895","127.0.0.1","127.0.0.1","HTTP","189","GET / HTTP/1.1 "
"814","170.747914","127.0.0.1","127.0.0.1","TCP","44","5000  >  62774 [ACK] Seq=1 Ack=146 Win=65280 Len=0"
"819","171.963398","127.0.0.1","127.0.0.1","TCP","217","5000  >  62774 [PSH, ACK] Seq=1 Ack=146 Win=65280 Len=173 [TCP PDU reassembled in 821]"
"820","171.963462","127.0.0.1","127.0.0.1","TCP","44","62774  >  5000 [ACK] Seq=146 Ack=174 Win=65280 Len=0"
"821","171.963490","127.0.0.1","127.0.0.1","HTTP","62","HTTP/1.0 200 OK  (text/html)"
"822","171.963502","127.0.0.1","127.0.0.1","TCP","44","62774  >  5000 [ACK] Seq=146 Ack=192 Win=65280 Len=0"
"823","171.963941","127.0.0.1","127.0.0.1","TCP","44","62774  >  5000 [FIN, ACK] Seq=146 Ack=192 Win=65280 Len=0"
"824","171.963981","127.0.0.1","127.0.0.1","TCP","44","5000  >  62774 [ACK] Seq=192 Ack=147 Win=65280 Len=0"
"825","171.965737","127.0.0.1","127.0.0.1","TCP","44","5000  >  62774 [FIN, ACK] Seq=192 Ack=147 Win=65280 Len=0"
"826","171.965816","127.0.0.1","127.0.0.1","TCP","44","62774  >  5000 [ACK] Seq=147 Ack=193 Win=65280 Len=0"
